amount,tags
764, Tags = ['changeAsset'| 'no-ck-tag-changed'| 'no-fm-tag-changed']
103, Tags = ['addAsset'| 'changeAsset'| 'no-ck-tag-changed'| 'no-fm-tag-changed']
54, Tags = ['Addedbuild'| 'addAsset'| 'changeAsset'| 'no-fm-tag-changed']
36, Tags = ['AddedSelect'| 'changeAsset'| 'no-ck-tag-changed']
33, Tags = ['Modifybuild'| 'addAsset'| 'changeAsset'| 'no-fm-tag-changed']
32, Tags = ['no-am-tag-changed'| 'no-ck-tag-changed'| 'no-fm-tag-changed']
27, Tags = ['changeAsset'| 'no-ck-tag-changed'| 'no-fm-tag-changed'| 'removeAsset']
26, Tags = ['AddedDepends'| 'no-am-tag-changed'| 'no-ck-tag-changed']
22, Tags = ['Modifybuild'| 'no-am-tag-changed'| 'no-fm-tag-changed']
17, Tags = ['Addedbuild'| 'addAsset'| 'no-fm-tag-changed']
17, Tags = ['NewSelect'| 'changeAsset'| 'no-ck-tag-changed']
17, Tags = ['NewSelect'| 'no-am-tag-changed'| 'no-ck-tag-changed']
16, Tags = ['NewDepends'| 'no-am-tag-changed'| 'no-ck-tag-changed']
16, Tags = ['AddedMapping'| 'addAsset'| 'changeAsset'| 'no-fm-tag-changed']
16, Tags = ['AddedSelect'| 'no-am-tag-changed'| 'no-ck-tag-changed']
13, Tags = ['ModifyDepends'| 'no-am-tag-changed'| 'no-ck-tag-changed']
13, Tags = ['Addedbuild'| 'Modifybuild'| 'addAsset'| 'changeAsset'| 'no-fm-tag-changed']
12, Tags = ['Addedbuild'| 'no-am-tag-changed'| 'no-fm-tag-changed']
12, Tags = ['Addedbuild'| 'changeAsset'| 'no-fm-tag-changed']
12, Tags = ['Addedbuild'| 'Modifyifdef'| 'addAsset'| 'no-fm-tag-changed']
9, Tags = ['Addedbuild'| 'Modifybuild'| 'changeAsset'| 'no-fm-tag-changed']
8, Tags = ['ModifySelect'| 'no-am-tag-changed'| 'no-ck-tag-changed']
8, Tags = ['Modifybuild'| 'changeAsset'| 'no-fm-tag-changed']
7, Tags = ['NewDepends'| 'changeAsset'| 'no-ck-tag-changed']
7, Tags = ['AddedDepends'| 'changeAsset'| 'no-ck-tag-changed']
7, Tags = ['Removebuild'| 'changeAsset'| 'no-fm-tag-changed'| 'removeAsset']
7, Tags = ['AddedDepends'| 'AddedFeature'| 'AddedSelect'| 'Addedbuild'| 'ModifyDefault'| 'ModifyDepends'| 'ModifyFeature'| 'ModifySelect'| 'Modifybuild'| 'RemoveDepends'| 'RemoveMapping'| 'Removebuild'| 'addAsset'| 'changeAsset'| 'removeAsset']
7, Tags = ['Addedbuild'| 'Modifybuild'| 'no-am-tag-changed'| 'no-fm-tag-changed']
6, Tags = ['AddedFeature'| 'NewDepends'| 'changeAsset'| 'no-ck-tag-changed']
6, Tags = ['ModifyMapping'| 'addAsset'| 'changeAsset'| 'no-fm-tag-changed']
6, Tags = ['AddedFeature'| 'Addedbuild'| 'NewDepends'| 'addAsset'| 'changeAsset']
6, Tags = ['ModifyMapping'| 'Modifybuild'| 'changeAsset'| 'no-fm-tag-changed']
6, Tags = ['AddedDepends'| 'AddedFeature'| 'AddedMapping'| 'AddedSelect'| 'Addedbuild'| 'Addedifdef'| 'ModifyDefault'| 'ModifyDepends'| 'ModifyFeature'| 'ModifyMapping'| 'ModifySelect'| 'Modifybuild'| 'NewDefault'| 'NewDepends'| 'NewSelect'| 'RemoveDepends'| 'RemoveFeature'| 'RemoveMapping'| 'RemoveSelect'| 'Removebuild'| 'addAsset'| 'changeAsset'| 'removeAsset']
6, Tags = ['Addedbuild'| 'Removebuild'| 'Removeifdef'| 'addAsset'| 'no-fm-tag-changed']
6, Tags = ['Addedbuild'| 'Addedifdef'| 'no-am-tag-changed'| 'no-fm-tag-changed']
6, Tags = ['ModifyFeature'| 'RemoveDepends'| 'RemoveFeature'| 'changeAsset'| 'no-ck-tag-changed']
5, Tags = ['ModifyDepends'| 'changeAsset'| 'no-ck-tag-changed']
5, Tags = ['RemoveDepends'| 'RemoveFeature'| 'changeAsset'| 'no-ck-tag-changed']
5, Tags = ['AddedDefault'| 'AddedFeature'| 'changeAsset'| 'no-ck-tag-changed']
5, Tags = ['AddedDepends'| 'AddedFeature'| 'AddedMapping'| 'NewDefault'| 'changeAsset']
5, Tags = ['Addedbuild'| 'Addedifdef'| 'addAsset'| 'no-fm-tag-changed']
5, Tags = ['AddedDepends'| 'Addedbuild'| 'Addedifdef'| 'ModifyMapping'| 'Modifybuild'| 'NewDepends'| 'NewSelect'| 'RemoveDepends'| 'RemoveFeature'| 'RemoveSelect'| 'addAsset'| 'changeAsset']
5, Tags = ['AddedFeature'| 'changeAsset'| 'no-ck-tag-changed']
5, Tags = ['AddedDepends'| 'AddedFeature'| 'NewDefault'| 'NewDepends'| 'changeAsset'| 'no-ck-tag-changed']
5, Tags = ['AddedSelect'| 'NewSelect'| 'no-am-tag-changed'| 'no-ck-tag-changed']
4, Tags = ['Removebuild'| 'no-am-tag-changed'| 'no-fm-tag-changed']
4, Tags = ['AddedMapping'| 'changeAsset'| 'no-fm-tag-changed']
4, Tags = ['Addedbuild'| 'Addedifdef'| 'changeAsset'| 'no-fm-tag-changed']
4, Tags = ['AddedFeature'| 'AddedSelect'| 'changeAsset'| 'no-ck-tag-changed']
4, Tags = ['ModifyMapping'| 'changeAsset'| 'no-fm-tag-changed']
4, Tags = ['AddedFeature'| 'AddedMapping'| 'NewDepends'| 'addAsset'| 'changeAsset']
4, Tags = ['AddedMapping'| 'Addedbuild'| 'Modifybuild'| 'RemoveMapping'| 'changeAsset'| 'no-fm-tag-changed']
4, Tags = ['AddedFeature'| 'NewDefault'| 'NewDepends'| 'changeAsset'| 'no-ck-tag-changed']
4, Tags = ['AddedDepends'| 'AddedFeature'| 'AddedMapping'| 'AddedSelect'| 'Addedbuild'| 'Addedifdef'| 'ModifyDepends'| 'ModifyFeature'| 'ModifyMapping'| 'ModifySelect'| 'Modifybuild'| 'NewDefault'| 'NewDepends'| 'NewSelect'| 'RemoveDepends'| 'RemoveFeature'| 'RemoveMapping'| 'RemoveSelect'| 'addAsset'| 'changeAsset'| 'removeAsset']
4, Tags = ['AddedFeature'| 'AddedMapping'| 'NewDepends'| 'NewSelect'| 'addAsset'| 'changeAsset']
4, Tags = ['RemoveDefault'| 'RemoveFeature'| 'changeAsset'| 'no-ck-tag-changed']
4, Tags = ['AddedSelect'| 'NewSelect'| 'changeAsset'| 'no-ck-tag-changed']
3, Tags = ['ModifyFeature'| 'RemoveFeature'| 'changeAsset'| 'no-ck-tag-changed']
3, Tags = ['AddedDepends'| 'AddedFeature'| 'AddedMapping'| 'AddedSelect'| 'NewSelect'| 'addAsset'| 'changeAsset']
3, Tags = ['AddedFeature'| 'AddedMapping'| 'AddedSelect'| 'NewDepends'| 'NewSelect'| 'addAsset'| 'changeAsset']
3, Tags = ['RemoveSelect'| 'changeAsset'| 'no-ck-tag-changed'| 'removeAsset']
3, Tags = ['Removebuild'| 'changeAsset'| 'no-fm-tag-changed']
3, Tags = ['Modifybuild'| 'changeAsset'| 'no-fm-tag-changed'| 'removeAsset']
3, Tags = ['Modifybuild'| 'Removebuild'| 'changeAsset'| 'no-fm-tag-changed'| 'removeAsset']
3, Tags = ['AddedSelect'| 'addAsset'| 'changeAsset'| 'no-ck-tag-changed']
3, Tags = ['RemoveSelect'| 'no-ck-tag-changed'| 'removeAsset']
3, Tags = ['Addedbuild'| 'Addedifdef'| 'Modifybuild'| 'changeAsset'| 'no-fm-tag-changed']
3, Tags = ['AddedDepends'| 'AddedFeature'| 'AddedMapping'| 'AddedSelect'| 'ModifyFeature'| 'ModifyMapping'| 'ModifySelect'| 'Modifybuild'| 'NewDefault'| 'NewSelect'| 'RemoveDepends'| 'RemoveFeature'| 'changeAsset'| 'removeAsset']
3, Tags = ['AddedFeature'| 'AddedMapping'| 'AddedSelect'| 'NewSelect'| 'addAsset'| 'changeAsset']
3, Tags = ['Addedbuild'| 'Modifybuild'| 'addAsset'| 'no-fm-tag-changed']
3, Tags = ['Modifybuild'| 'Removebuild'| 'Removeifdef'| 'changeAsset'| 'no-fm-tag-changed']
3, Tags = ['Addedbuild'| 'Addedifdef'| 'Modifybuild'| 'no-am-tag-changed'| 'no-fm-tag-changed']
3, Tags = ['AddedSelect'| 'ModifySelect'| 'changeAsset'| 'no-ck-tag-changed']
3, Tags = ['ModifyFeature'| 'ModifyMapping'| 'changeAsset']
3, Tags = ['AddedDepends'| 'AddedFeature'| 'AddedMapping'| 'AddedSelect'| 'Modifybuild'| 'NewSelect'| 'changeAsset']
3, Tags = ['ModifySelect'| 'changeAsset'| 'no-ck-tag-changed']
3, Tags = ['AddedDepends'| 'Addedbuild'| 'ModifyDepends'| 'ModifySelect'| 'Modifybuild'| 'RemoveDepends'| 'RemoveFeature'| 'RemoveMapping'| 'changeAsset'| 'removeAsset']
3, Tags = ['AddedDepends'| 'AddedFeature'| 'AddedMapping'| 'NewDefault'| 'addAsset'| 'changeAsset']
3, Tags = ['AddedFeature'| 'Addedbuild'| 'ModifyDefault'| 'addAsset'| 'changeAsset']
3, Tags = ['AddedDepends'| 'AddedFeature'| 'AddedMapping'| 'NewSelect'| 'addAsset'| 'changeAsset']
3, Tags = ['ModifyDepends'| 'Modifybuild'| 'changeAsset']
3, Tags = ['AddedDepends'| 'AddedFeature'| 'AddedSelect'| 'NewDepends'| 'changeAsset'| 'no-ck-tag-changed']
3, Tags = ['ModifyFeature'| 'RemoveDefault'| 'RemoveDepends'| 'RemoveFeature'| 'changeAsset'| 'no-ck-tag-changed']
3, Tags = ['RemoveSelect'| 'changeAsset'| 'no-ck-tag-changed']
2, Tags = ['RemoveSelect'| 'addAsset'| 'changeAsset'| 'no-ck-tag-changed'| 'removeAsset']
2, Tags = ['AddedFeature'| 'AddedMapping'| 'AddedSelect'| 'NewDepends'| 'addAsset'| 'changeAsset']
2, Tags = ['AddedSelect'| 'changeAsset'| 'no-ck-tag-changed'| 'removeAsset']
2, Tags = ['Addedbuild'| 'NewSelect'| 'addAsset'| 'changeAsset']
2, Tags = ['AddedMapping'| 'AddedSelect'| 'addAsset'| 'changeAsset']
2, Tags = ['AddedSelect'| 'RemoveMapping'| 'changeAsset'| 'removeAsset']
2, Tags = ['ModifySelect'| 'RemoveSelect'| 'no-am-tag-changed'| 'no-ck-tag-changed']
2, Tags = ['RemoveDefault'| 'no-am-tag-changed'| 'no-ck-tag-changed']
2, Tags = ['AddedFeature'| 'AddedMapping'| 'AddedSelect'| 'ModifyMapping'| 'NewSelect'| 'addAsset'| 'changeAsset']
2, Tags = ['Removebuild'| 'no-fm-tag-changed'| 'removeAsset']
2, Tags = ['Addedbuild'| 'Addedifdef'| 'Modifybuild'| 'addAsset'| 'no-fm-tag-changed']
2, Tags = ['Modifybuild'| 'Removebuild'| 'Removeifdef'| 'no-am-tag-changed'| 'no-fm-tag-changed']
2, Tags = ['Modifybuild'| 'Removebuild'| 'no-am-tag-changed'| 'no-fm-tag-changed']
2, Tags = ['Addedbuild'| 'ModifyMapping'| 'addAsset'| 'changeAsset'| 'no-fm-tag-changed']
2, Tags = ['AddedSelect'| 'Modifybuild'| 'NewSelect'| 'RemoveDepends'| 'addAsset'| 'changeAsset']
2, Tags = ['AddedDepends'| 'AddedFeature'| 'AddedMapping'| 'AddedSelect'| 'Addedbuild'| 'Addedifdef'| 'ModifyFeature'| 'ModifyMapping'| 'ModifySelect'| 'Modifybuild'| 'NewDefault'| 'NewDepends'| 'NewSelect'| 'RemoveDepends'| 'RemoveFeature'| 'RemoveSelect'| 'addAsset'| 'changeAsset'| 'removeAsset']
2, Tags = ['AddedFeature'| 'AddedMapping'| 'NewDepends'| 'addAsset']
2, Tags = ['AddedMapping'| 'Addedbuild'| 'Addedifdef'| 'Modifybuild'| 'changeAsset'| 'no-fm-tag-changed']
2, Tags = ['Addedbuild'| 'Addedifdef'| 'Modifybuild'| 'Modifyifdef'| 'Removebuild'| 'Removeifdef'| 'addAsset'| 'changeAsset'| 'no-fm-tag-changed'| 'removeAsset']
2, Tags = ['ModifyMapping'| 'RemoveFeature'| 'RemoveMapping'| 'RemoveSelect'| 'Removebuild'| 'changeAsset']
2, Tags = ['AddedFeature'| 'Addedbuild'| 'NewDefault'| 'NewDepends'| 'RemoveMapping'| 'changeAsset']
2, Tags = ['AddedDepends'| 'AddedFeature'| 'AddedMenu'| 'Addedbuild'| 'NewDepends'| 'NewSelect'| 'addAsset'| 'changeAsset']
2, Tags = ['AddedMapping'| 'Addedbuild'| 'changeAsset'| 'no-fm-tag-changed']
2, Tags = ['Addedbuild'| 'ModifyMapping'| 'Modifybuild'| 'addAsset'| 'changeAsset'| 'no-fm-tag-changed']
2, Tags = ['AddedFeature'| 'AddedMapping'| 'AddedSelect'| 'Addedbuild'| 'NewSelect'| 'addAsset'| 'changeAsset']
2, Tags = ['ModifySelect'| 'RemoveSelect'| 'changeAsset'| 'no-ck-tag-changed']
2, Tags = ['Addedbuild'| 'Modifybuild'| 'Removebuild'| 'changeAsset'| 'no-fm-tag-changed']
2, Tags = ['AddedDepends'| 'AddedFeature'| 'AddedMapping'| 'AddedSelect'| 'Addedbuild'| 'ModifyDepends'| 'ModifyFeature'| 'ModifyMapping'| 'ModifySelect'| 'Modifybuild'| 'NewDefault'| 'NewSelect'| 'RemoveDepends'| 'RemoveFeature'| 'RemoveMapping'| 'changeAsset'| 'removeAsset']
2, Tags = ['AddedDefault'| 'AddedFeature'| 'NewDepends'| 'addAsset'| 'no-ck-tag-changed']
2, Tags = ['AddedDepends'| 'AddedFeature'| 'AddedMapping'| 'AddedSelect'| 'ModifyDepends'| 'NewSelect'| 'addAsset'| 'changeAsset']
2, Tags = ['ModifySelect'| 'RemoveSelect'| 'changeAsset'| 'no-ck-tag-changed'| 'removeAsset']
2, Tags = ['RemoveFeature'| 'no-am-tag-changed'| 'no-ck-tag-changed']
2, Tags = ['AddedMapping'| 'Addedbuild'| 'addAsset'| 'changeAsset'| 'no-fm-tag-changed']
2, Tags = ['AddedDepends'| 'AddedFeature'| 'NewDefault'| 'changeAsset'| 'no-ck-tag-changed']
2, Tags = ['AddedFeature'| 'Modifybuild'| 'NewDepends'| 'NewSelect'| 'changeAsset']
2, Tags = ['AddedDepends'| 'AddedFeature'| 'AddedMapping'| 'AddedSelect'| 'Addedbuild'| 'Addedifdef'| 'ModifyFeature'| 'ModifyMapping'| 'Modifybuild'| 'NewSelect'| 'addAsset'| 'changeAsset']
2, Tags = ['AddedDepends'| 'AddedFeature'| 'AddedMapping'| 'AddedSelect'| 'Addedbuild'| 'ModifyDepends'| 'Modifybuild'| 'NewDefault'| 'NewDepends'| 'NewSelect'| 'Removebuild'| 'addAsset'| 'changeAsset']
2, Tags = ['AddedDepends'| 'AddedFeature'| 'AddedMapping'| 'AddedSelect'| 'Addedbuild'| 'ModifyDepends'| 'ModifyFeature'| 'ModifyMapping'| 'ModifySelect'| 'Modifybuild'| 'NewDefault'| 'NewDepends'| 'NewSelect'| 'RemoveDepends'| 'RemoveFeature'| 'RemoveMapping'| 'changeAsset'| 'removeAsset']
2, Tags = ['AddedMapping'| 'Addedbuild'| 'Modifybuild'| 'addAsset'| 'changeAsset'| 'no-fm-tag-changed']
2, Tags = ['AddedMapping'| 'RemoveMapping'| 'changeAsset'| 'no-fm-tag-changed']
2, Tags = ['ModifyDefault'| 'no-am-tag-changed'| 'no-ck-tag-changed']
2, Tags = ['RemoveSelect'| 'no-am-tag-changed'| 'no-ck-tag-changed']
2, Tags = ['Modifybuild'| 'Removebuild'| 'addAsset'| 'changeAsset'| 'no-fm-tag-changed'| 'removeAsset']
2, Tags = ['AddedDepends'| 'AddedFeature'| 'AddedMapping'| 'addAsset'| 'changeAsset']
2, Tags = ['AddedFeature'| 'AddedMapping'| 'Addedbuild'| 'Modifybuild'| 'addAsset'| 'changeAsset']
2, Tags = ['AddedFeature'| 'NewDefault'| 'changeAsset'| 'no-ck-tag-changed']
2, Tags = ['AddedDepends'| 'AddedFeature'| 'AddedMapping'| 'AddedSelect'| 'ModifyDepends'| 'Modifybuild'| 'NewSelect'| 'addAsset'| 'changeAsset']
2, Tags = ['AddedFeature'| 'AddedMapping'| 'AddedMenu'| 'Addedbuild'| 'NewDepends'| 'RemoveDepends'| 'RemoveFeature'| 'RemoveMapping'| 'changeAsset']
2, Tags = ['AddedDepends'| 'ModifyDepends'| 'changeAsset'| 'no-ck-tag-changed']
2, Tags = ['AddedSelect'| 'ModifyFeature'| 'RemoveDepends'| 'RemoveFeature'| 'changeAsset'| 'no-ck-tag-changed']
2, Tags = ['AddedDepends'| 'AddedSelect'| 'Addedbuild'| 'ModifyDefault'| 'ModifyFeature'| 'Modifybuild'| 'NewDepends'| 'NewSelect'| 'RemoveDefault'| 'RemoveDepends'| 'RemoveFeature'| 'Removebuild'| 'addAsset'| 'changeAsset']
1, Tags = ['Modifybuild'| 'RemoveSelect'| 'Removebuild'| 'Removeifdef'| 'changeAsset']
1, Tags = ['AddedMapping'| 'addAsset'| 'no-fm-tag-changed']
1, Tags = ['Addedbuild'| 'ModifyMapping'| 'addAsset'| 'no-fm-tag-changed']
1, Tags = ['ModifyFeature'| 'RemoveDefault'| 'RemoveFeature'| 'no-am-tag-changed'| 'no-ck-tag-changed']
1, Tags = ['AddedFeature'| 'Addedbuild'| 'Modifybuild'| 'NewDepends'| 'changeAsset']
1, Tags = ['AddedDepends'| 'AddedFeature'| 'AddedMapping'| 'AddedSelect'| 'RemoveMapping'| 'changeAsset']
1, Tags = ['AddedFeature'| 'AddedMapping'| 'AddedSelect'| 'Addedbuild'| 'Modifybuild'| 'NewDepends'| 'NewSelect'| 'addAsset'| 'changeAsset']
1, Tags = ['AddedDepends'| 'AddedFeature'| 'AddedMapping'| 'ModifySelect'| 'RemoveMapping'| 'addAsset'| 'changeAsset'| 'removeAsset']
1, Tags = ['AddedDepends'| 'AddedFeature'| 'AddedSelect'| 'Addedbuild'| 'ModifyDefault'| 'ModifyDepends'| 'ModifyFeature'| 'ModifySelect'| 'RemoveDepends'| 'RemoveMapping'| 'Removebuild'| 'addAsset'| 'changeAsset'| 'removeAsset']
1, Tags = ['RemoveDepends'| 'RemoveFeature'| 'RemoveSelect'| 'Removebuild'| 'addAsset'| 'changeAsset'| 'removeAsset']
1, Tags = ['AddedDepends'| 'AddedFeature'| 'ModifyDepends'| 'Modifybuild'| 'RemoveMapping'| 'changeAsset'| 'removeAsset']
1, Tags = ['ModifyDefault'| 'ModifyDepends'| 'no-am-tag-changed'| 'no-ck-tag-changed']
1, Tags = ['RemoveDefault'| 'RemoveDepends'| 'no-am-tag-changed'| 'no-ck-tag-changed']
1, Tags = ['RemoveDepends'| 'changeAsset'| 'no-ck-tag-changed']
1, Tags = ['AddedMapping'| 'Addedbuild'| 'Addedifdef'| 'changeAsset'| 'no-fm-tag-changed']
1, Tags = ['AddedFeature'| 'AddedMapping'| 'Addedbuild'| 'Addedifdef'| 'NewDepends'| 'NewSelect'| 'addAsset'| 'changeAsset'| 'removeAsset']
1, Tags = ['Modifybuild'| 'RemoveSelect'| 'Removebuild'| 'Removeifdef'| 'changeAsset'| 'removeAsset']
1, Tags = ['AddedFeature'| 'AddedMapping'| 'AddedSelect'| 'Addedbuild'| 'Modifybuild'| 'NewSelect'| 'RemoveSelect'| 'Removebuild'| 'Removeifdef'| 'addAsset'| 'changeAsset'| 'removeAsset']
1, Tags = ['AddedDepends'| 'ModifyDefault'| 'ModifyDepends'| 'ModifyFeature'| 'RemoveDefault'| 'RemoveDepends'| 'RemoveFeature'| 'RemoveMapping'| 'RemoveSelect'| 'Removebuild'| 'Removeifdef'| 'changeAsset'| 'removeAsset']
1, Tags = ['AddedMapping'| 'ModifyDepends'| 'changeAsset']
1, Tags = ['AddedDepends'| 'AddedFeature'| 'Addedbuild'| 'NewDefault'| 'changeAsset']
1, Tags = ['AddedFeature'| 'AddedMapping'| 'AddedSelect'| 'NewDepends'| 'NewSelect'| 'RemoveDepends'| 'RemoveFeature'| 'RemoveMapping'| 'RemoveSelect'| 'changeAsset']
1, Tags = ['AddedDepends'| 'AddedFeature'| 'AddedMapping'| 'AddedSelect'| 'NewSelect'| 'RemoveDepends'| 'RemoveFeature'| 'RemoveMapping'| 'RemoveSelect'| 'changeAsset']
1, Tags = ['Addedbuild'| 'Modifybuild'| 'Removebuild'| 'addAsset'| 'changeAsset'| 'no-fm-tag-changed'| 'removeAsset']
1, Tags = ['ModifyDepends'| 'RemoveDepends'| 'no-am-tag-changed'| 'no-ck-tag-changed']
1, Tags = ['AddedFeature'| 'AddedSelect'| 'Addedbuild'| 'addAsset'| 'changeAsset']
1, Tags = ['AddedDepends'| 'AddedFeature'| 'Addedbuild'| 'Addedifdef'| 'ModifyDefault'| 'ModifyFeature'| 'ModifyMapping'| 'ModifySelect'| 'Modifybuild'| 'NewDepends'| 'NewSelect'| 'RemoveDepends'| 'RemoveFeature'| 'RemoveSelect'| 'addAsset'| 'changeAsset'| 'removeAsset']
1, Tags = ['AddedDepends'| 'AddedFeature'| 'AddedSelect'| 'Addedbuild'| 'Addedifdef'| 'ModifyDefault'| 'ModifyDepends'| 'ModifyFeature'| 'ModifyMapping'| 'ModifySelect'| 'Modifybuild'| 'NewDepends'| 'NewSelect'| 'RemoveDepends'| 'RemoveFeature'| 'RemoveMapping'| 'RemoveSelect'| 'Removebuild'| 'addAsset'| 'changeAsset'| 'removeAsset']
1, Tags = ['AddedDefault'| 'AddedDepends'| 'AddedFeature'| 'AddedSelect'| 'ModifyDepends'| 'no-am-tag-changed'| 'no-ck-tag-changed']
1, Tags = ['RemoveDepends'| 'RemoveSelect'| 'changeAsset'| 'no-ck-tag-changed']
1, Tags = ['AddedDepends'| 'AddedFeature'| 'Addedbuild'| 'ModifyDepends'| 'addAsset'| 'changeAsset']
1, Tags = ['AddedDepends'| 'ModifyDepends'| 'no-am-tag-changed'| 'no-ck-tag-changed']
1, Tags = ['AddedSelect'| 'RemoveDefault'| 'RemoveDepends'| 'RemoveFeature'| 'RemoveSelect'| 'no-am-tag-changed'| 'no-ck-tag-changed']
1, Tags = ['ModifySelect'| 'RemoveFeature'| 'RemoveSelect'| 'no-am-tag-changed'| 'no-ck-tag-changed']
1, Tags = ['AddedFeature'| 'AddedMapping'| 'AddedSelect'| 'Addedbuild'| 'NewDepends'| 'NewSelect'| 'addAsset'| 'changeAsset']
1, Tags = ['AddedDepends'| 'AddedFeature'| 'AddedMapping'| 'AddedSelect'| 'Addedbuild'| 'Addedifdef'| 'ModifyDefault'| 'ModifyDepends'| 'ModifyFeature'| 'ModifyMapping'| 'ModifySelect'| 'Modifybuild'| 'NewDepends'| 'NewSelect'| 'RemoveDepends'| 'RemoveFeature'| 'RemoveMapping'| 'RemoveSelect'| 'Removebuild'| 'addAsset'| 'changeAsset'| 'removeAsset']
1, Tags = ['RemoveDepends'| 'RemoveFeature'| 'RemoveSelect'| 'Removebuild'| 'no-am-tag-changed']
1, Tags = ['AddedDepends'| 'AddedFeature'| 'AddedMapping'| 'Addedbuild'| 'no-am-tag-changed']
1, Tags = ['RemoveDepends'| 'RemoveFeature'| 'RemoveSelect'| 'Removebuild'| 'changeAsset']
1, Tags = ['Addedbuild'| 'Addedifdef'| 'ModifyFeature'| 'no-am-tag-changed']
1, Tags = ['ModifyFeature'| 'RemoveDepends'| 'RemoveFeature'| 'RemoveMapping'| 'RemoveSelect'| 'no-am-tag-changed']
1, Tags = ['Modifybuild'| 'Modifyifdef'| 'changeAsset'| 'no-fm-tag-changed']
1, Tags = ['Modifybuild'| 'Modifyifdef'| 'Removebuild'| 'no-am-tag-changed'| 'no-fm-tag-changed']
1, Tags = ['Addedbuild'| 'Addedifdef'| 'Modifybuild'| 'Modifyifdef'| 'no-am-tag-changed'| 'no-fm-tag-changed']
1, Tags = ['Addedbuild'| 'Modifyifdef'| 'Removeifdef'| 'addAsset'| 'no-fm-tag-changed']
1, Tags = ['Modifybuild'| 'Modifyifdef'| 'no-am-tag-changed'| 'no-fm-tag-changed']
1, Tags = ['Removebuild'| 'Removeifdef'| 'changeAsset'| 'no-fm-tag-changed'| 'removeAsset']
1, Tags = ['Addedbuild'| 'Addedifdef'| 'Modifybuild'| 'Removebuild'| 'Removeifdef'| 'no-am-tag-changed'| 'no-fm-tag-changed']
1, Tags = ['Addedbuild'| 'Modifybuild'| 'Modifyifdef'| 'Removebuild'| 'Removeifdef'| 'addAsset'| 'no-fm-tag-changed']
1, Tags = ['Removebuild'| 'Removeifdef'| 'changeAsset'| 'no-fm-tag-changed']
1, Tags = ['ModifyMapping'| 'Modifybuild'| 'addAsset'| 'changeAsset'| 'no-fm-tag-changed']
1, Tags = ['AddedFeature'| 'AddedMapping'| 'Addedbuild'| 'changeAsset']
1, Tags = ['AddedFeature'| 'AddedSelect'| 'NewDepends'| 'NewSelect'| 'addAsset'| 'changeAsset'| 'no-ck-tag-changed']
1, Tags = ['Modifybuild'| 'RemoveFeature'| 'RemoveSelect'| 'Removebuild'| 'no-am-tag-changed']
1, Tags = ['AddedDepends'| 'AddedFeature'| 'AddedMenu'| 'AddedSelect'| 'Addedbuild'| 'ModifyDefault'| 'ModifyDepends'| 'NewDepends'| 'NewSelect'| 'RemoveMapping'| 'Removebuild'| 'addAsset'| 'changeAsset'| 'removeAsset']
1, Tags = ['Addedbuild'| 'Addedifdef'| 'Modifybuild'| 'Removebuild'| 'changeAsset'| 'no-fm-tag-changed']
1, Tags = ['Addedbuild'| 'Modifybuild'| 'Modifyifdef'| 'no-am-tag-changed'| 'no-fm-tag-changed']
1, Tags = ['AddedFeature'| 'AddedMapping'| 'ModifyMapping'| 'NewDepends'| 'no-am-tag-changed']
1, Tags = ['AddedDepends'| 'AddedFeature'| 'AddedMapping'| 'AddedSelect'| 'Addedbuild'| 'Addedifdef'| 'ModifyDepends'| 'ModifyFeature'| 'ModifyMapping'| 'ModifySelect'| 'Modifybuild'| 'NewDefault'| 'NewDepends'| 'NewSelect'| 'RemoveDepends'| 'RemoveFeature'| 'RemoveSelect'| 'addAsset'| 'changeAsset'| 'removeAsset']
1, Tags = ['AddedFeature'| 'AddedMapping'| 'Addedbuild'| 'Addedifdef'| 'Modifybuild'| 'changeAsset']
1, Tags = ['AddedSelect'| 'Modifybuild'| 'addAsset'| 'changeAsset']
1, Tags = ['Modifybuild'| 'addAsset'| 'no-fm-tag-changed']
1, Tags = ['RemoveFeature'| 'changeAsset'| 'no-ck-tag-changed']
1, Tags = ['AddedMapping'| 'AddedSelect'| 'addAsset']
1, Tags = ['AddedFeature'| 'AddedSelect'| 'Addedbuild'| 'ModifyMenu'| 'NewDefault'| 'NewDepends'| 'NewSelect'| 'RemoveDepends'| 'RemoveFeature'| 'RemoveSelect'| 'changeAsset']
1, Tags = ['AddedDepends'| 'AddedFeature'| 'AddedMapping'| 'AddedMenu'| 'AddedSelect'| 'Addedbuild'| 'NewSelect'| 'addAsset'| 'changeAsset']
1, Tags = ['Addedbuild'| 'Addedifdef'| 'Modifyifdef'| 'Removebuild'| 'no-am-tag-changed'| 'no-fm-tag-changed']
1, Tags = ['Removebuild'| 'Removeifdef'| 'no-am-tag-changed'| 'no-fm-tag-changed']
1, Tags = ['Addedbuild'| 'ModifyMapping'| 'RemoveDefault'| 'RemoveDepends'| 'addAsset'| 'changeAsset']
1, Tags = ['AddedMapping'| 'Addedbuild'| 'Addedifdef'| 'ModifyFeature'| 'ModifyMapping'| 'Modifybuild'| 'RemoveDepends'| 'RemoveFeature'| 'RemoveMapping'| 'RemoveSelect'| 'addAsset'| 'changeAsset'| 'removeAsset']
1, Tags = ['AddedDepends'| 'AddedFeature'| 'AddedMapping'| 'AddedSelect'| 'Addedbuild'| 'Addedifdef'| 'ModifyFeature'| 'ModifyMapping'| 'ModifySelect'| 'Modifybuild'| 'NewDefault'| 'NewDepends'| 'NewSelect'| 'RemoveDefault'| 'RemoveDepends'| 'RemoveFeature'| 'RemoveSelect'| 'addAsset'| 'changeAsset'| 'removeAsset']
1, Tags = ['AddedDepends'| 'AddedFeature'| 'AddedMapping'| 'AddedSelect'| 'Addedbuild'| 'Addedifdef'| 'ModifyFeature'| 'ModifyMapping'| 'ModifySelect'| 'Modifybuild'| 'NewDefault'| 'NewDepends'| 'NewSelect'| 'RemoveDepends'| 'RemoveFeature'| 'RemoveSelect'| 'Removebuild'| 'Removeifdef'| 'addAsset'| 'changeAsset'| 'removeAsset']
1, Tags = ['AddedFeature'| 'AddedMapping'| 'Addedbuild'| 'NewDepends'| 'addAsset'| 'changeAsset']
1, Tags = ['ModifyFeature'| 'ModifyMapping'| 'addAsset'| 'changeAsset'| 'removeAsset']
1, Tags = ['AddedDepends'| 'AddedFeature'| 'AddedMapping'| 'NewDepends'| 'addAsset'| 'changeAsset']
1, Tags = ['AddedDepends'| 'AddedFeature'| 'AddedMapping'| 'AddedSelect'| 'Addedbuild'| 'ModifyDepends'| 'ModifyFeature'| 'ModifyMapping'| 'ModifySelect'| 'Modifybuild'| 'NewDefault'| 'NewSelect'| 'RemoveDepends'| 'RemoveFeature'| 'changeAsset'| 'removeAsset']
1, Tags = ['RemoveDepends'| 'no-am-tag-changed'| 'no-ck-tag-changed']
1, Tags = ['AddedDepends'| 'ModifySelect'| 'no-am-tag-changed'| 'no-ck-tag-changed']
1, Tags = ['AddedDepends'| 'changeAsset'| 'no-ck-tag-changed'| 'removeAsset']
1, Tags = ['Removebuild'| 'addAsset'| 'changeAsset'| 'no-fm-tag-changed'| 'removeAsset']
1, Tags = ['AddedDepends'| 'AddedFeature'| 'ModifyDepends'| 'ModifyMapping'| 'Modifybuild'| 'NewSelect'| 'RemoveMapping'| 'changeAsset'| 'removeAsset']
1, Tags = ['ModifyFeature'| 'ModifySelect'| 'changeAsset'| 'no-ck-tag-changed']
1, Tags = ['AddedFeature'| 'AddedMapping'| 'AddedSelect'| 'Addedbuild'| 'Addedifdef'| 'Modifybuild'| 'NewSelect'| 'changeAsset']
1, Tags = ['AddedDepends'| 'AddedFeature'| 'AddedMapping'| 'Addedbuild'| 'NewDepends'| 'addAsset'| 'changeAsset']
1, Tags = ['AddedSelect'| 'ModifyDepends'| 'RemoveMapping'| 'changeAsset'| 'removeAsset']
1, Tags = ['ModifySelect'| 'Removebuild'| 'changeAsset'| 'removeAsset']
1, Tags = ['AddedMapping'| 'Addedbuild'| 'ModifyDepends'| 'ModifyMapping'| 'Modifybuild'| 'changeAsset']
1, Tags = ['AddedFeature'| 'Addedbuild'| 'NewDepends'| 'RemoveDepends'| 'RemoveFeature'| 'RemoveMapping'| 'addAsset'| 'removeAsset']
1, Tags = ['AddedMapping'| 'Addedbuild'| 'ModifyMapping'| 'Modifybuild'| 'changeAsset'| 'no-fm-tag-changed']
1, Tags = ['AddedDepends'| 'Addedbuild'| 'ModifyDepends'| 'ModifyFeature'| 'Modifybuild'| 'RemoveDefault'| 'RemoveDepends'| 'RemoveFeature'| 'RemoveMapping'| 'RemoveSelect'| 'addAsset'| 'changeAsset'| 'removeAsset']
1, Tags = ['AddedFeature'| 'Addedbuild'| 'NewDepends'| 'NewSelect'| 'addAsset'| 'changeAsset']
1, Tags = ['AddedFeature'| 'AddedMapping'| 'AddedSelect'| 'Addedbuild'| 'NewDefault'| 'NewDepends'| 'NewSelect'| 'addAsset'| 'changeAsset']
1, Tags = ['AddedDepends'| 'AddedFeature'| 'AddedMapping'| 'AddedSelect'| 'ModifyDepends'| 'ModifySelect'| 'NewSelect'| 'addAsset'| 'changeAsset']
1, Tags = ['AddedFeature'| 'AddedSelect'| 'NewSelect'| 'changeAsset'| 'no-ck-tag-changed']
1, Tags = ['AddedFeature'| 'AddedMapping'| 'ModifyDepends'| 'NewDepends'| 'NewSelect'| 'addAsset'| 'changeAsset']
1, Tags = ['AddedSelect'| 'ModifySelect'| 'no-am-tag-changed'| 'no-ck-tag-changed']
1, Tags = ['ModifyMapping'| 'ModifySelect'| 'RemoveDefault'| 'RemoveDepends'| 'RemoveFeature'| 'RemoveSelect'| 'no-am-tag-changed']
1, Tags = ['AddedDepends'| 'AddedFeature'| 'AddedMapping'| 'AddedMenu'| 'AddedSelect'| 'Addedbuild'| 'NewDefault'| 'NewDepends'| 'NewSelect'| 'addAsset'| 'changeAsset']
1, Tags = ['AddedDepends'| 'AddedFeature'| 'AddedMapping'| 'AddedSelect'| 'Addedbuild'| 'ModifyDepends'| 'ModifyFeature'| 'ModifySelect'| 'Modifybuild'| 'NewDefault'| 'NewDepends'| 'NewSelect'| 'RemoveDepends'| 'RemoveFeature'| 'RemoveMapping'| 'changeAsset'| 'removeAsset']
1, Tags = ['AddedMapping'| 'Addedbuild'| 'ModifyMapping'| 'addAsset'| 'changeAsset'| 'no-fm-tag-changed']
1, Tags = ['AddedMapping'| 'AddedSelect'| 'Addedbuild'| 'Addedifdef'| 'addAsset'| 'changeAsset']
1, Tags = ['AddedDefault'| 'AddedFeature'| 'AddedMapping'| 'NewDepends'| 'addAsset']
1, Tags = ['AddedDepends'| 'AddedFeature'| 'AddedMapping'| 'AddedSelect'| 'Addedbuild'| 'ModifyMapping'| 'NewDepends'| 'NewSelect'| 'addAsset'| 'changeAsset']
1, Tags = ['AddedSelect'| 'Modifybuild'| 'addAsset'| 'changeAsset'| 'removeAsset']
1, Tags = ['AddedFeature'| 'AddedSelect'| 'Addedbuild'| 'Addedifdef'| 'ModifySelect'| 'NewSelect'| 'changeAsset'| 'removeAsset']
1, Tags = ['AddedFeature'| 'AddedMapping'| 'AddedSelect'| 'Addedbuild'| 'ModifyMenu'| 'Modifybuild'| 'NewDefault'| 'NewDepends'| 'NewSelect'| 'RemoveDepends'| 'RemoveFeature'| 'RemoveSelect'| 'changeAsset']
1, Tags = ['ModifyDepends'| 'addAsset'| 'changeAsset'| 'no-ck-tag-changed']
1, Tags = ['ModifyMapping'| 'changeAsset'| 'no-fm-tag-changed'| 'removeAsset']
1, Tags = ['AddedDefault'| 'AddedFeature'| 'NewDefault'| 'NewDepends'| 'changeAsset'| 'no-ck-tag-changed']
1, Tags = ['AddedDefault'| 'AddedDepends'| 'AddedFeature'| 'NewDefault'| 'NewDepends'| 'changeAsset'| 'no-ck-tag-changed']
1, Tags = ['AddedDepends'| 'ModifyMapping'| 'ModifySelect'| 'RemoveDefault'| 'RemoveDepends'| 'RemoveFeature'| 'RemoveSelect'| 'changeAsset']
1, Tags = ['AddedDepends'| 'AddedFeature'| 'AddedMapping'| 'AddedSelect'| 'Addedbuild'| 'Addedifdef'| 'ModifyMapping'| 'ModifySelect'| 'Modifybuild'| 'NewDepends'| 'NewSelect'| 'RemoveDepends'| 'RemoveFeature'| 'RemoveSelect'| 'addAsset'| 'changeAsset']
1, Tags = ['ModifyFeature'| 'RemoveDepends'| 'RemoveFeature'| 'RemoveMapping'| 'changeAsset'| 'removeAsset']
1, Tags = ['AddedFeature'| 'AddedMenu'| 'Addedbuild'| 'NewDefault'| 'NewDepends'| 'addAsset'| 'changeAsset']
1, Tags = ['AddedDepends'| 'AddedFeature'| 'AddedMapping'| 'ModifyDepends'| 'ModifySelect'| 'Modifybuild'| 'NewDefault'| 'RemoveMapping'| 'changeAsset']
1, Tags = ['ModifyMapping'| 'RemoveFeature'| 'RemoveMapping'| 'RemoveSelect'| 'Removebuild'| 'addAsset'| 'changeAsset'| 'removeAsset']
1, Tags = ['addAsset'| 'no-ck-tag-changed'| 'no-fm-tag-changed']
1, Tags = ['AddedDefault'| 'AddedFeature'| 'AddedMapping'| 'AddedSelect'| 'Addedbuild'| 'NewDepends'| 'addAsset'| 'changeAsset']
1, Tags = ['AddedDepends'| 'AddedFeature'| 'AddedMapping'| 'AddedSelect'| 'Addedbuild'| 'NewDefault'| 'NewDepends'| 'NewSelect'| 'addAsset'| 'changeAsset']
1, Tags = ['AddedFeature'| 'AddedSelect'| 'Modifybuild'| 'Removebuild'| 'changeAsset'| 'removeAsset']
1, Tags = ['RemoveDepends'| 'RemoveFeature'| 'RemoveSelect'| 'changeAsset'| 'no-ck-tag-changed']
1, Tags = ['AddedFeature'| 'AddedSelect'| 'NewDepends'| 'NewSelect'| 'changeAsset'| 'no-ck-tag-changed']
1, Tags = ['RemoveDefault'| 'RemoveDepends'| 'RemoveFeature'| 'no-am-tag-changed'| 'no-ck-tag-changed']
1, Tags = ['AddedDepends'| 'AddedFeature'| 'ModifySelect'| 'Modifybuild'| 'NewDepends'| 'NewSelect'| 'RemoveDepends'| 'RemoveFeature'| 'RemoveMapping'| 'changeAsset'| 'removeAsset']
1, Tags = ['AddedFeature'| 'AddedMapping'| 'NewSelect'| 'addAsset'| 'changeAsset']
1, Tags = ['ModifyDepends'| 'ModifyFeature'| 'no-am-tag-changed'| 'no-ck-tag-changed']
1, Tags = ['AddedSelect'| 'Addedbuild'| 'Addedifdef'| 'changeAsset']
1, Tags = ['AddedSelect'| 'Addedbuild'| 'changeAsset']
1, Tags = ['AddedFeature'| 'AddedMapping'| 'NewDefault'| 'NewDepends'| 'addAsset'| 'changeAsset']
1, Tags = ['AddedDepends'| 'AddedFeature'| 'ModifyMapping'| 'changeAsset']
1, Tags = ['AddedFeature'| 'AddedMapping'| 'AddedSelect'| 'ModifyMapping'| 'NewSelect'| 'changeAsset']
1, Tags = ['ModifyDepends'| 'Modifybuild'| 'RemoveDepends'| 'RemoveFeature'| 'RemoveSelect'| 'Removebuild'| 'addAsset'| 'changeAsset'| 'removeAsset']
1, Tags = ['AddedDepends'| 'AddedFeature'| 'AddedMapping'| 'Addedbuild'| 'ModifyDepends'| 'Modifybuild'| 'NewDefault'| 'changeAsset']
1, Tags = ['AddedDepends'| 'AddedFeature'| 'AddedSelect'| 'ModifyMapping'| 'changeAsset']
1, Tags = ['AddedFeature'| 'AddedSelect'| 'Modifybuild'| 'addAsset'| 'changeAsset']
1, Tags = ['AddedDepends'| 'AddedFeature'| 'AddedMapping'| 'AddedSelect'| 'Addedbuild'| 'ModifyFeature'| 'ModifyMapping'| 'ModifySelect'| 'Modifybuild'| 'NewDefault'| 'NewSelect'| 'RemoveDefault'| 'RemoveDepends'| 'RemoveFeature'| 'addAsset'| 'changeAsset'| 'removeAsset']
1, Tags = ['AddedFeature'| 'AddedMapping'| 'Addedbuild'| 'NewDefault'| 'no-am-tag-changed']
1, Tags = ['AddedDepends'| 'AddedFeature'| 'AddedMenu'| 'Addedbuild'| 'ModifyMenu'| 'NewSelect'| 'Removebuild'| 'changeAsset']
1, Tags = ['AddedDepends'| 'AddedFeature'| 'AddedMapping'| 'addAsset']
1, Tags = ['AddedDepends'| 'AddedFeature'| 'ModifyDepends'| 'ModifySelect'| 'Modifybuild'| 'NewDepends'| 'NewSelect'| 'RemoveDepends'| 'RemoveFeature'| 'RemoveMapping'| 'changeAsset'| 'removeAsset']
1, Tags = ['AddedFeature'| 'AddedMenu'| 'Addedbuild'| 'addAsset'| 'changeAsset']
1, Tags = ['Addedbuild'| 'Addedifdef'| 'Modifybuild'| 'addAsset'| 'changeAsset'| 'no-fm-tag-changed']
1, Tags = ['Modifybuild'| 'addAsset'| 'changeAsset'| 'no-fm-tag-changed'| 'removeAsset']
1, Tags = ['AddedDepends'| 'AddedFeature'| 'AddedMenu'| 'Addedbuild'| 'ModifyMenu'| 'NewSelect'| 'Removebuild'| 'addAsset'| 'changeAsset'| 'removeAsset']
1, Tags = ['Addedbuild'| 'Addedifdef'| 'Modifybuild'| 'addAsset'| 'changeAsset'| 'no-fm-tag-changed'| 'removeAsset']
1, Tags = ['AddedDepends'| 'AddedFeature'| 'AddedMapping'| 'AddedSelect'| 'Addedbuild'| 'Addedifdef'| 'ModifyDefault'| 'ModifyDepends'| 'ModifyFeature'| 'ModifyMapping'| 'ModifySelect'| 'Modifybuild'| 'NewDefault'| 'NewDepends'| 'NewSelect'| 'RemoveDepends'| 'RemoveFeature'| 'RemoveMapping'| 'RemoveSelect'| 'addAsset'| 'changeAsset'| 'removeAsset']
1, Tags = ['AddedMapping'| 'Addedbuild'| 'Addedifdef'| 'Modifybuild'| 'RemoveMapping'| 'Removebuild'| 'changeAsset'| 'no-fm-tag-changed']
1, Tags = ['AddedMapping'| 'Addedbuild'| 'Addedifdef'| 'RemoveMapping'| 'Removebuild'| 'Removeifdef'| 'changeAsset'| 'no-fm-tag-changed']
1, Tags = ['RemoveDefault'| 'RemoveDepends'| 'RemoveFeature'| 'changeAsset'| 'no-ck-tag-changed']
1, Tags = ['AddedMapping'| 'Modifybuild'| 'RemoveMapping'| 'changeAsset'| 'no-fm-tag-changed']
1, Tags = ['AddedMapping'| 'ModifyMapping'| 'RemoveMapping'| 'changeAsset'| 'no-fm-tag-changed']
1, Tags = ['RemoveDepends'| 'RemoveFeature'| 'no-am-tag-changed'| 'no-ck-tag-changed']
1, Tags = ['ModifyFeature'| 'RemoveDefault'| 'RemoveDepends'| 'RemoveFeature'| 'RemoveSelect'| 'no-am-tag-changed'| 'no-ck-tag-changed']
1, Tags = ['AddedDepends'| 'AddedFeature'| 'AddedMapping'| 'AddedMenu'| 'AddedSelect'| 'Addedbuild'| 'ModifyDepends'| 'ModifyFeature'| 'ModifyMapping'| 'ModifySelect'| 'NewDefault'| 'NewDepends'| 'NewSelect'| 'RemoveDepends'| 'RemoveFeature'| 'RemoveMapping'| 'RemoveSelect'| 'addAsset'| 'changeAsset'| 'removeAsset']
1, Tags = ['AddedDepends'| 'AddedFeature'| 'AddedMapping'| 'AddedMenu'| 'Addedbuild'| 'Addedifdef'| 'NewDefault'| 'NewSelect'| 'addAsset'| 'changeAsset']
1, Tags = ['AddedDepends'| 'AddedFeature'| 'AddedMapping'| 'AddedSelect'| 'Addedbuild'| 'ModifyDepends'| 'ModifyFeature'| 'ModifyMapping'| 'ModifySelect'| 'Modifybuild'| 'NewDefault'| 'NewSelect'| 'RemoveDepends'| 'RemoveFeature'| 'addAsset'| 'changeAsset'| 'removeAsset']
1, Tags = ['AddedDepends'| 'AddedFeature'| 'AddedMapping'| 'AddedMenu'| 'AddedSelect'| 'Addedbuild'| 'ModifyDepends'| 'ModifyMapping'| 'ModifySelect'| 'Modifybuild'| 'NewDepends'| 'NewSelect'| 'RemoveDepends'| 'RemoveSelect'| 'Removebuild'| 'addAsset'| 'changeAsset'| 'removeAsset']
1, Tags = ['AddedFeature'| 'AddedMapping'| 'AddedSelect'| 'ModifyMapping'| 'NewDepends'| 'NewSelect'| 'addAsset'| 'changeAsset']
1, Tags = ['AddedFeature'| 'AddedMapping'| 'AddedSelect'| 'Addedbuild'| 'ModifyMapping'| 'Modifybuild'| 'NewDefault'| 'addAsset'| 'changeAsset'| 'removeAsset']
1, Tags = ['AddedFeature'| 'AddedMapping'| 'Addedbuild'| 'Addedifdef'| 'NewDefault'| 'NewDepends'| 'RemoveFeature'| 'RemoveMapping'| 'RemoveSelect'| 'addAsset'| 'changeAsset'| 'removeAsset']
1, Tags = ['AddedDepends'| 'AddedFeature'| 'AddedMapping'| 'AddedSelect'| 'Addedbuild'| 'ModifyDepends'| 'ModifyFeature'| 'ModifyMapping'| 'ModifySelect'| 'Modifybuild'| 'NewDefault'| 'NewDepends'| 'NewSelect'| 'RemoveDepends'| 'RemoveFeature'| 'RemoveSelect'| 'changeAsset'| 'removeAsset']
1, Tags = ['Addedbuild'| 'addAsset'| 'changeAsset'| 'no-fm-tag-changed'| 'removeAsset']
1, Tags = ['ModifyDepends'| 'Modifybuild'| 'RemoveSelect'| 'changeAsset']
1, Tags = ['AddedDepends'| 'ModifyFeature'| 'ModifySelect'| 'no-am-tag-changed'| 'no-ck-tag-changed']
1, Tags = ['AddedFeature'| 'NewDepends'| 'NewSelect'| 'changeAsset'| 'no-ck-tag-changed']
1, Tags = ['AddedDepends'| 'AddedFeature'| 'AddedSelect'| 'Addedbuild'| 'Addedifdef'| 'ModifyMapping'| 'Modifybuild'| 'addAsset'| 'changeAsset'| 'removeAsset']
1, Tags = ['AddedDepends'| 'AddedFeature'| 'ModifyDefault'| 'ModifyDepends'| 'ModifyMapping'| 'ModifySelect'| 'Modifybuild'| 'NewSelect'| 'RemoveDefault'| 'RemoveDepends'| 'RemoveFeature'| 'RemoveMapping'| 'RemoveSelect'| 'Removebuild'| 'Removeifdef'| 'addAsset'| 'changeAsset'| 'removeAsset']
1, Tags = ['AddedDefault'| 'AddedDepends'| 'AddedFeature'| 'AddedMapping'| 'AddedSelect'| 'Addedbuild'| 'Addedifdef'| 'ModifyDepends'| 'ModifyMapping'| 'ModifySelect'| 'Modifybuild'| 'NewDepends'| 'NewSelect'| 'RemoveMapping'| 'RemoveSelect'| 'Removebuild'| 'Removeifdef'| 'addAsset'| 'changeAsset'| 'removeAsset']
1, Tags = ['AddedSelect'| 'Addedbuild'| 'Addedifdef'| 'ModifyFeature'| 'Modifybuild'| 'RemoveFeature'| 'RemoveSelect'| 'Removebuild'| 'Removeifdef'| 'addAsset'| 'changeAsset'| 'removeAsset']
1, Tags = ['AddedDepends'| 'AddedFeature'| 'AddedMapping'| 'AddedSelect'| 'ModifyDepends'| 'ModifySelect'| 'NewSelect'| 'RemoveSelect'| 'addAsset'| 'changeAsset'| 'removeAsset']
1, Tags = ['AddedFeature'| 'AddedMapping'| 'AddedSelect'| 'Addedbuild'| 'ModifyMapping'| 'Modifybuild'| 'NewSelect'| 'RemoveDefault'| 'RemoveDepends'| 'RemoveFeature'| 'RemoveMapping'| 'RemoveSelect'| 'Removebuild'| 'addAsset'| 'changeAsset'| 'removeAsset']
1, Tags = ['AddedDepends'| 'AddedFeature'| 'AddedMapping'| 'Addedbuild'| 'Modifybuild'| 'addAsset'| 'changeAsset']
1, Tags = ['AddedDepends'| 'AddedFeature'| 'changeAsset'| 'no-ck-tag-changed']
1, Tags = ['AddedFeature'| 'AddedSelect'| 'changeAsset'| 'no-ck-tag-changed'| 'removeAsset']
1, Tags = ['AddedDefault'| 'AddedDepends'| 'AddedFeature'| 'AddedMapping'| 'AddedSelect'| 'ModifyDepends'| 'NewDefault'| 'NewSelect'| 'addAsset'| 'changeAsset']
1, Tags = ['AddedDefault'| 'changeAsset'| 'no-ck-tag-changed']
1, Tags = ['AddedDefault'| 'AddedDepends'| 'AddedFeature'| 'AddedSelect'| 'NewSelect'| 'RemoveDefault'| 'RemoveDepends'| 'RemoveFeature'| 'addAsset'| 'changeAsset'| 'no-ck-tag-changed']
1, Tags = ['AddedDepends'| 'AddedFeature'| 'AddedMapping'| 'AddedSelect'| 'Addedbuild'| 'Addedifdef'| 'Modifybuild'| 'NewSelect'| 'RemoveDefault'| 'RemoveFeature'| 'addAsset'| 'changeAsset']
1, Tags = ['AddedMapping'| 'Addedbuild'| 'Addedifdef'| 'ModifyMapping'| 'Modifybuild'| 'addAsset'| 'changeAsset'| 'no-fm-tag-changed'| 'removeAsset']
1, Tags = ['AddedDepends'| 'AddedFeature'| 'AddedMapping'| 'AddedSelect'| 'Modifybuild'| 'NewDefault'| 'NewSelect'| 'addAsset'| 'changeAsset']
1, Tags = ['AddedDepends'| 'RemoveDefault'| 'RemoveDepends'| 'RemoveFeature'| 'RemoveMapping'| 'Removebuild'| 'changeAsset'| 'removeAsset']
1, Tags = ['RemoveDefault'| 'RemoveDepends'| 'RemoveFeature'| 'Removebuild'| 'changeAsset']
1, Tags = ['AddedDepends'| 'AddedFeature'| 'AddedMapping'| 'AddedSelect'| 'Addedbuild'| 'Addedifdef'| 'ModifySelect'| 'Modifybuild'| 'NewDefault'| 'NewDepends'| 'RemoveDepends'| 'RemoveFeature'| 'RemoveSelect'| 'Removebuild'| 'addAsset'| 'changeAsset'| 'removeAsset']
1, Tags = ['AddedDefault'| 'AddedDepends'| 'AddedFeature'| 'AddedMapping'| 'Modifybuild'| 'addAsset'| 'changeAsset']
1, Tags = ['AddedDepends'| 'addAsset'| 'changeAsset'| 'no-ck-tag-changed']
1, Tags = ['AddedDepends'| 'AddedFeature'| 'AddedMapping'| 'AddedSelect'| 'Addedbuild'| 'ModifyDepends'| 'Modifybuild'| 'NewSelect'| 'RemoveSelect'| 'addAsset'| 'changeAsset']
1, Tags = ['AddedDepends'| 'AddedFeature'| 'AddedMapping'| 'AddedSelect'| 'Addedbuild'| 'Modifybuild'| 'NewDepends'| 'NewSelect'| 'addAsset'| 'changeAsset']
1, Tags = ['AddedDepends'| 'AddedFeature'| 'AddedMapping'| 'ModifyDepends'| 'ModifyFeature'| 'RemoveMapping'| 'RemoveSelect'| 'addAsset'| 'changeAsset'| 'removeAsset']
1, Tags = ['AddedDepends'| 'AddedFeature'| 'AddedMapping'| 'Addedbuild'| 'NewDefault'| 'NewDepends'| 'addAsset'| 'changeAsset']
1, Tags = ['NewDepends'| 'addAsset'| 'changeAsset'| 'no-ck-tag-changed'| 'removeAsset']
1, Tags = ['ModifyFeature'| 'ModifyMapping'| 'addAsset'| 'removeAsset']
1, Tags = ['AddedFeature'| 'AddedMapping'| 'Addedbuild'| 'Addedifdef'| 'ModifyMapping'| 'NewDefault'| 'NewDepends'| 'changeAsset']
1, Tags = ['AddedDepends'| 'AddedFeature'| 'AddedMapping'| 'Addedbuild'| 'Addedifdef'| 'ModifyFeature'| 'ModifyMapping'| 'Modifybuild'| 'NewDefault'| 'NewDepends'| 'addAsset'| 'changeAsset'| 'removeAsset']
1, Tags = ['AddedDepends'| 'AddedFeature'| 'AddedMapping'| 'AddedMenu'| 'AddedSelect'| 'Addedbuild'| 'ModifyDepends'| 'Modifybuild'| 'NewDefault'| 'NewDepends'| 'NewSelect'| 'RemoveFeature'| 'Removebuild'| 'addAsset'| 'changeAsset'| 'removeAsset']
1, Tags = ['AddedDefault'| 'AddedDepends'| 'AddedFeature'| 'AddedMapping'| 'AddedMenu'| 'AddedSelect'| 'Addedbuild'| 'Addedifdef'| 'ModifyDefault'| 'ModifyDepends'| 'ModifyFeature'| 'ModifyMapping'| 'ModifySelect'| 'Modifybuild'| 'NewDefault'| 'NewDepends'| 'NewSelect'| 'RemoveDefault'| 'RemoveDepends'| 'RemoveFeature'| 'RemoveMapping'| 'RemoveSelect'| 'Removebuild'| 'addAsset'| 'changeAsset'| 'removeAsset']
1, Tags = ['AddedDepends'| 'AddedFeature'| 'AddedMapping'| 'Addedbuild'| 'RemoveDepends'| 'RemoveFeature'| 'addAsset'| 'changeAsset']
1, Tags = ['AddedDefault'| 'AddedDepends'| 'AddedFeature'| 'AddedMapping'| 'AddedSelect'| 'Addedbuild'| 'Addedifdef'| 'ModifySelect'| 'Modifybuild'| 'NewSelect'| 'RemoveDefault'| 'RemoveFeature'| 'addAsset'| 'changeAsset'| 'removeAsset']
1, Tags = ['AddedDepends'| 'AddedFeature'| 'AddedMapping'| 'Addedbuild'| 'addAsset'| 'changeAsset']
1, Tags = ['ModifyFeature'| 'RemoveDefault'| 'RemoveDepends'| 'RemoveFeature'| 'RemoveSelect'| 'changeAsset'| 'no-ck-tag-changed']
1, Tags = ['AddedDepends'| 'ModifyFeature'| 'ModifySelect'| 'changeAsset'| 'no-ck-tag-changed']
1, Tags = ['AddedDepends'| 'AddedFeature'| 'AddedMapping'| 'AddedMenu'| 'AddedSelect'| 'Addedbuild'| 'ModifyDepends'| 'ModifyMapping'| 'ModifySelect'| 'Modifybuild'| 'NewDefault'| 'NewDepends'| 'NewSelect'| 'RemoveDepends'| 'RemoveFeature'| 'RemoveMapping'| 'RemoveSelect'| 'Removebuild'| 'addAsset'| 'changeAsset'| 'removeAsset']
1, Tags = ['AddedDepends'| 'AddedFeature'| 'AddedMapping'| 'AddedSelect'| 'NewDepends'| 'NewSelect'| 'addAsset'| 'changeAsset']
1, Tags = ['AddedFeature'| 'AddedSelect'| 'Addedbuild'| 'ModifyMapping'| 'NewDepends'| 'addAsset'| 'changeAsset'| 'removeAsset']
1, Tags = ['AddedMapping'| 'Addedbuild'| 'Addedifdef'| 'Modifybuild'| 'RemoveMapping'| 'Removebuild'| 'Removeifdef'| 'changeAsset'| 'no-fm-tag-changed']
1, Tags = ['Addedbuild'| 'Addedifdef'| 'Modifybuild'| 'Modifyifdef'| 'changeAsset'| 'no-fm-tag-changed']
1, Tags = ['Addedbuild'| 'ModifyMapping'| 'addAsset'| 'changeAsset'| 'no-fm-tag-changed'| 'removeAsset']
1, Tags = ['AddedDefault'| 'no-am-tag-changed'| 'no-ck-tag-changed']
1, Tags = ['RemoveDefault'| 'addAsset'| 'changeAsset'| 'no-ck-tag-changed']
1, Tags = ['RemoveFeature'| 'RemoveSelect'| 'changeAsset'| 'no-ck-tag-changed']
1, Tags = ['AddedDepends'| 'AddedFeature'| 'RemoveDepends'| 'RemoveFeature'| 'RemoveSelect'| 'addAsset'| 'changeAsset'| 'no-ck-tag-changed']
1, Tags = ['AddedFeature'| 'AddedSelect'| 'Modifybuild'| 'NewSelect'| 'RemoveDepends'| 'addAsset'| 'changeAsset']
1, Tags = ['AddedMapping'| 'ModifyDepends'| 'addAsset'| 'changeAsset']
1, Tags = ['AddedDepends'| 'AddedFeature'| 'AddedSelect'| 'ModifyFeature'| 'NewSelect'| 'RemoveDefault'| 'RemoveFeature'| 'no-am-tag-changed'| 'no-ck-tag-changed']
1, Tags = ['AddedDepends'| 'AddedFeature'| 'AddedMapping'| 'AddedSelect'| 'Addedbuild'| 'ModifyMenu'| 'Modifybuild'| 'NewDefault'| 'NewDepends'| 'NewSelect'| 'RemoveDepends'| 'RemoveFeature'| 'RemoveSelect'| 'Removebuild'| 'Removeifdef'| 'addAsset'| 'changeAsset'| 'removeAsset']
1, Tags = ['AddedDefault'| 'AddedDepends'| 'AddedFeature'| 'AddedMapping'| 'AddedSelect'| 'Addedbuild'| 'Addedifdef'| 'ModifyDefault'| 'ModifyDepends'| 'ModifyFeature'| 'ModifyMapping'| 'ModifySelect'| 'Modifybuild'| 'Modifyifdef'| 'NewDefault'| 'NewDepends'| 'NewSelect'| 'RemoveDefault'| 'RemoveDepends'| 'RemoveFeature'| 'RemoveMapping'| 'RemoveSelect'| 'Removebuild'| 'Removeifdef'| 'addAsset'| 'changeAsset'| 'removeAsset']
1, Tags = ['RemoveDepends'| 'RemoveFeature'| 'addAsset'| 'changeAsset'| 'no-ck-tag-changed']
1, Tags = ['AddedDepends'| 'AddedFeature'| 'AddedMapping'| 'Addedbuild'| 'ModifyDepends'| 'NewDefault'| 'NewDepends'| 'addAsset'| 'changeAsset']
1, Tags = ['AddedDepends'| 'AddedFeature'| 'Modifybuild'| 'NewSelect'| 'addAsset'| 'changeAsset'| 'removeAsset']
1, Tags = ['AddedFeature'| 'Addedbuild'| 'ModifyFeature'| 'Modifybuild'| 'NewDepends'| 'RemoveDefault'| 'RemoveDepends'| 'RemoveFeature'| 'changeAsset']
1, Tags = ['AddedDepends'| 'AddedFeature'| 'ModifyDepends'| 'Modifybuild'| 'NewSelect'| 'addAsset'| 'changeAsset'| 'removeAsset']
1, Tags = ['AddedFeature'| 'Addedbuild'| 'NewDepends'| 'RemoveDepends'| 'RemoveFeature'| 'RemoveMapping'| 'addAsset'| 'changeAsset'| 'removeAsset']
1, Tags = ['ModifyMapping'| 'ModifySelect'| 'Modifybuild'| 'addAsset'| 'changeAsset']
1, Tags = ['ModifyDefault'| 'changeAsset'| 'no-ck-tag-changed']
1, Tags = ['AddedDefault'| 'AddedFeature'| 'NewDefault'| 'changeAsset'| 'no-ck-tag-changed']
1, Tags = ['AddedDepends'| 'AddedFeature'| 'AddedMapping'| 'ModifyDepends'| 'NewDefault'| 'RemoveSelect'| 'addAsset'| 'changeAsset']
1, Tags = ['AddedDefault'| 'AddedFeature'| 'Addedbuild'| 'Addedifdef'| 'RemoveDefault'| 'RemoveFeature'| 'addAsset'| 'removeAsset']
1, Tags = ['RemoveDefault'| 'RemoveFeature'| 'no-am-tag-changed'| 'no-ck-tag-changed']
1, Tags = ['AddedDefault'| 'AddedDepends'| 'AddedFeature'| 'AddedMapping'| 'AddedSelect'| 'Addedbuild'| 'ModifySelect'| 'NewDefault'| 'NewDepends'| 'NewSelect'| 'addAsset'| 'changeAsset']
1, Tags = ['AddedFeature'| 'AddedMapping'| 'NewDefault'| 'NewDepends'| 'NewSelect'| 'addAsset'| 'changeAsset']
1, Tags = ['AddedDepends'| 'AddedSelect'| 'no-am-tag-changed'| 'no-ck-tag-changed']
1, Tags = ['AddedDefault'| 'AddedFeature'| 'Addedbuild'| 'Addedifdef'| 'RemoveDefault'| 'RemoveFeature'| 'addAsset'| 'changeAsset'| 'removeAsset']
1, Tags = ['AddedFeature'| 'Addedbuild'| 'Modifybuild'| 'NewDepends'| 'addAsset'| 'changeAsset']
1, Tags = ['AddedDefault'| 'AddedDepends'| 'AddedFeature'| 'AddedMapping'| 'AddedSelect'| 'ModifyDepends'| 'NewDefault'| 'addAsset'| 'changeAsset']
1, Tags = ['AddedFeature'| 'AddedMapping'| 'NewDefault'| 'addAsset'| 'changeAsset']
1, Tags = ['AddedDefault'| 'AddedDepends'| 'AddedFeature'| 'AddedMapping'| 'AddedSelect'| 'Addedbuild'| 'Addedifdef'| 'Modifybuild'| 'NewDefault'| 'NewDepends'| 'NewSelect'| 'Removebuild'| 'addAsset'| 'changeAsset'| 'removeAsset']
1, Tags = ['AddedDepends'| 'AddedSelect'| 'changeAsset'| 'no-ck-tag-changed']
1, Tags = ['AddedDepends'| 'AddedFeature'| 'AddedMapping'| 'Addedbuild'| 'ModifyDepends'| 'ModifyFeature'| 'Modifybuild'| 'NewDefault'| 'RemoveDepends'| 'RemoveSelect'| 'addAsset'| 'changeAsset']
1, Tags = ['AddedMapping'| 'Addedbuild'| 'ModifyMapping'| 'changeAsset'| 'no-fm-tag-changed']
1, Tags = ['AddedFeature'| 'Addedbuild'| 'Addedifdef'| 'ModifyDefault'| 'ModifyFeature'| 'changeAsset']
1, Tags = ['AddedDepends'| 'AddedMapping'| 'AddedSelect'| 'Addedbuild'| 'ModifyMapping'| 'NewSelect'| 'changeAsset']
1, Tags = ['Modifybuild'| 'Modifyifdef'| 'Removebuild'| 'Removeifdef'| 'changeAsset'| 'no-fm-tag-changed']
1, Tags = ['AddedDepends'| 'AddedFeature'| 'AddedMapping'| 'AddedMenu'| 'AddedSelect'| 'Addedbuild'| 'Addedifdef'| 'ModifyDefault'| 'ModifyDepends'| 'ModifyFeature'| 'ModifyMapping'| 'ModifySelect'| 'Modifybuild'| 'NewDefault'| 'NewDepends'| 'NewSelect'| 'RemoveDefault'| 'RemoveDepends'| 'RemoveFeature'| 'RemoveMapping'| 'RemoveSelect'| 'addAsset'| 'changeAsset']
1, Tags = ['ModifyDefault'| 'RemoveDefault'| 'no-am-tag-changed'| 'no-ck-tag-changed']
1, Tags = ['ModifyDefault'| 'RemoveDefault'| 'changeAsset'| 'no-ck-tag-changed']
1, Tags = ['Addedbuild'| 'Modifybuild'| 'NewDepends'| 'changeAsset']
1, Tags = ['AddedDepends'| 'AddedFeature'| 'AddedMapping'| 'AddedMenu'| 'AddedSelect'| 'Addedbuild'| 'Addedifdef'| 'ModifyDefault'| 'ModifyDepends'| 'ModifyFeature'| 'ModifyMapping'| 'ModifySelect'| 'Modifybuild'| 'Modifyifdef'| 'NewDefault'| 'NewDepends'| 'NewSelect'| 'RemoveDefault'| 'RemoveDepends'| 'RemoveFeature'| 'RemoveMapping'| 'RemoveSelect'| 'Removebuild'| 'Removeifdef'| 'addAsset'| 'changeAsset'| 'removeAsset']
1, Tags = ['AddedSelect'| 'Addedbuild'| 'Modifybuild'| 'Modifyifdef'| 'NewDepends'| 'Removebuild'| 'Removeifdef'| 'addAsset'| 'changeAsset'| 'removeAsset']
1, Tags = ['AddedDepends'| 'RemoveSelect'| 'changeAsset'| 'no-ck-tag-changed']
1, Tags = ['AddedDepends'| 'ModifyMapping'| 'Modifybuild'| 'Removebuild'| 'changeAsset']
1, Tags = ['AddedMapping'| 'ModifyFeature'| 'ModifyMapping'| 'RemoveSelect'| 'no-am-tag-changed']
1, Tags = ['AddedFeature'| 'AddedSelect'| 'NewDepends'| 'changeAsset'| 'no-ck-tag-changed']
1, Tags = ['AddedDepends'| 'AddedFeature'| 'AddedSelect'| 'Addedbuild'| 'ModifyMapping'| 'Modifybuild'| 'NewDepends'| 'NewSelect'| 'RemoveSelect'| 'Removebuild'| 'addAsset'| 'changeAsset']
1, Tags = ['AddedMapping'| 'ModifyFeature'| 'ModifyMapping'| 'RemoveSelect'| 'changeAsset']
1, Tags = ['AddedDepends'| 'AddedFeature'| 'AddedMapping'| 'AddedSelect'| 'ModifyDepends'| 'NewSelect'| 'no-am-tag-changed']
