qty, hash, tags
17,,Tags = ['Addedbuild'| 'addAsset'| 'no-fm-tag-changed']
,69c05eb2d8
,931398ecd5
,40cdaa542c
,3707873299
,7837feff0d
,01ed6632a5
,a4d4b15363
,adfe1473bd
,b6aa997941
,47ba5c815a
,5cda1620f4
,c482525659
,df01318850
,f24b56cbcd
,07eb663b7e
,45e8815fc1
,94f69966fa
54,,Tags = ['Addedbuild'| 'addAsset'| 'changeAsset'| 'no-fm-tag-changed']
,4e646495c6
,be4fc046be
,82b0f4b7c5
,a01e28f692
,3a6a920189
,4821ff14a3
,e64457191a
,e0ec2f39ef
,6bf37e5aa9
,3197e4a123
,0398436522
,f048d548f8
,c49f4984fd
,610bfc6bc9
,5992234bc5
,fd781337b6
,aeedb370e7
,6a4d98d787
,c351e29018
,b4887e1637
,aa30a2e03a
,9aede1d81b
,4779a2e99a
,2f5e988023
,c90d19be27
,0f56438038
,5f55c317e4
,786c497a69
,32c5483a8a
,776dc38403
,05b849111c
,1902efe7f6
,6fcf018ae4
,d34603b07c
,515de6b27f
,5fa7543041
,1b4fea0f6a
,9a9d5c64ef
,9ca3037e60
,75faef78c9
,ff4b42c753
,2984506fb6
,aa4d7a4d55
,0833428e7d
,c9c0ccae48
,7c85652206
,9838366c15
,aae95ca708
,c4b3a81f4e
,549608eadb
,7971e23a66
,a7e4201f0f
,c17f5bb529
,78fd82238d
764,,Tags = ['changeAsset'| 'no-ck-tag-changed'| 'no-fm-tag-changed']
,9efff3899b
,19c3205cea
,389e067032
,fbce71cae7
,7d930ce26e
,98f700f317
,615c924feb
,27c90dcb9c
,3ba8b7c542
,63495fff27
,4fa2a9e468
,9509d264ad
,ef85b64246
,4172fe2f8a
,c359ca88cb
,f7df257a2c
,e8bc99425e
,13e92b5b1e
,5afd077d70
,fd97ba5d5b
,98497bb241
,aae8c287e6
,2424a7339b
,645e40f9c4
,d3c02799d3
,060c83fa0e
,fdc07cc13a
,605d240052
,0a325758a8
,a32d8c0e84
,7b77d161ce
,cb178190ab
,21a122b5f4
,06b0a9a4b2
,5229432f15
,99ebe9f2b3
,c21a7d661f
,75ae83d686
,2b2322d662
,cf154b7e22
,564c39701c
,eb3e6ae960
,933b4f0f34
,b4e086f679
,32d7962d37
,dabefd56c6
,ac9f1cc2ce
,243b6db058
,661a7335c4
,53af53ae83
,bd04363d39
,557667f643
,40aaddd043
,967ad7f148
,e9517fecf2
,58308451e9
,65009d43e7
,7ccda98393
,ed8436d2b3
,9e490f486e
,3ad26e5c44
,e85923acb9
,20b2f1ac85
,a2f9663a12
,94f53f1f08
,460aebac73
,25e03a74e4
,2529973309
,5259c522a0
,c0ad8568c8
,1723f2a18d
,f2c4e82e35
,3a14aedec4
,048e5a786a
,c0f4ace79e
,206f398587
,163556896d
,e4b3c9c21b
,baf785bacc
,9657b772e9
,af43ef6770
,ace0d5d8bf
,8245d02369
,334300f247
,5d6fa0992a
,b231070a18
,a72e25f781
,dfdba7fd60
,1e819b3ed3
,8754c4bf2a
,9afcdb10ad
,53481da372
,7dcade3908
,5bf47256f5
,54b89756a1
,b20be8de1b
,4c1dd3e5ed
,3167fe98ce
,0a6d10dbe9
,bda301c9dc
,1b13813170
,666d100859
,6f799c97f3
,afb14c7cb6
,df33db0f5e
,0cad43a748
,b45bd46dec
,d141ab776b
,bdbf0a4cf2
,77748e6315
,2a2bec6554
,f2399df731
,81e439f476
,2a86e8e753
,513b485a2d
,b735e47f6e
,706664c290
,a6117615a2
,4c35c8676f
,4e31566d9b
,08f09c63e1
,88c260a180
,22eb85adaf
,67471b6a24
,07afa93e31
,6c7bdf8e63
,f5549f5bd8
,e11678e4b4
,2532a39500
,d4d5cef649
,686b377152
,dfbbe16f14
,3bd36a147f
,ebc0b38625
,b85e95781c
,cbf125e211
,de3bb2ded6
,9c5ff908aa
,e447360474
,bb80a5d4cd
,805c605562
,c4c2361aef
,80ca31869f
,d1c59c8712
,6180561670
,d6ee232c7f
,f8736ad2ee
,05be686a40
,0705690110
,70e0db2f74
,8ff9f38bda
,2e71ff5e8a
,1a4ca437e4
,4131770d54
,ed87aabf60
,07797e9bb6
,10abe843d5
,440f5e8996
,8018abf63d
,c0840b2728
,5b2ad46d6e
,a6f849f752
,1f7f8e0462
,f6b967ab1b
,ccc6d1922e
,c5833ddc4a
,abdd182e93
,7524be376d
,a5f0ac4a0b
,2b48f86b5b
,3cabd442d7
,24a6703abb
,3caa28274e
,e3a4bd276d
,d12649452d
,cd77607f57
,9645083ca5
,a6802e008e
,9270d827de
,5b66fd1812
,4c4b8da17d
,c55b869ac4
,2ef2e60d2f
,52d85ebb7b
,dd8c26f08e
,1e8081da4d
,d42b70f5c7
,8f737d6185
,f24b19cb77
,4cd667bb68
,a35a1df635
,23e0ad77e1
,6e693ff1e3
,c25b2c9eb3
,6c99db1eb8
,3135ba82a1
,7e0ae74090
,982d628743
,b3d6c80050
,d448121c4c
,84b6146564
,5b380cb152
,f88df3a72c
,176c51c1e4
,605d427ccc
,344a85117d
,82f85cf98f
,f1a4914bd0
,46a99d03f9
,17e8d03c48
,d49c83d7ab
,a00f6fcc7d
,d601b66616
,4d961a101e
,17761fc80f
,d31a408f4f
,02673f94d0
,2de1a7a855
,3fbc4d6374
,3f66c315f5
,31c466c1af
,9183ea62f7
,dd6c26be3b
,975bcabb05
,5171f4fa74
,6e2d9b6049
,8d58199fe7
,400fc45273
,70c1c86d56
,5eff79fe2d
,bee54e310e
,f2783f0e9c
,6cf3d82323
,18f513db93
,c435d5b9b8
,462fb38f3d
,137f66ee14
,c698dbf9fe
,d5d45d4294
,b01928a41f
,68783ec73c
,911aeb1084
,aa58d9813d
,689e437076
,bcd77ffc5d
,b967aecf17
,50b719f811
,f0dad6e701
,8715fb364f
,8d684b430b
,42a20ba5c9
,0e73453e17
,e125096e73
,f36c493491
,356bd765e2
,40246603f8
,cc17a67c07
,33de1b8bf6
,f8d9f628e1
,6b327a028f
,853b185ac9
,90df06b8a2
,2e19ef0251
,f99f4f8b09
,296c10639a
,41caa41634
,b199b0fcde
,14d907742c
,425c5a8582
,6367771fb6
,e814e3936e
,05e48b5064
,911885542a
,6caa9892c3
,fc10c6db77
,07ad822c21
,97fa413305
,4cf9159e2a
,d092232793
,1c2fa548bf
,f027ac7a72
,71d0c3a876
,b397f99921
,e9b51a198c
,be408cd3e1
,215432ed30
,fce762ed9f
,13fd8a5dc3
,01925efdf7
,96635fbd0b
,6f9fed0bd2
,5a6e55c461
,589a1b076f
,72c39a0ade
,13521a5797
,b476d3f143
,33b443422e
,dce1ebabcb
,c046555966
,6b732323c1
,44847da1b9
,f69405ce6c
,bbf1f8bfef
,c245f24220
,8a4d0b56b0
,212c444baa
,eaaeb1cb33
,95ed40196f
,3cdcf1334c
,8dbb8d54fe
,ee360d688c
,0faf996f4d
,cf8a1af855
,e21dd863ac
,a4aaf2e0df
,230b4b376e
,adf9684588
,feba070dba
,679d9980f9
,0b2e2d36d1
,63ff4d0765
,faddf2f5d2
,8efdf2b759
,6c86ae2928
,5365990776
,5196e6ffc2
,3fec948ed8
,3d0be4a5c7
,57ada4c5d6
,8c691c1ba6
,c241b6c786
,47973c6eb8
,5176dfcd47
,74858f23ca
,642cba7528
,aff79f8282
,2fc175c4a3
,d20b09f0c5
,c6016bdeab
,477ce17dec
,491f06b160
,2029ef2500
,ec7118e391
,ca2b2252fc
,5f343663a2
,b8a77af201
,c462b1d8bb
,efdf09add9
,672922e975
,5ac452772f
,97df0a0538
,df8aabe442
,469cb9286e
,457eb9016b
,87373ad1f3
,6a2972b363
,8bffb007a5
,bd6d35a370
,6c61bbf0e8
,be529a5b7f
,d4af6be4f8
,e029530075
,abdf150ade
,32b7fdfefa
,b24a63d5ef
,88cb5111e8
,022aa51e3f
,108145a606
,a941145d2b
,552b747564
,22b468a06e
,dd212bd5bb
,323f6226a8
,8d0a221593
,ab0169bb5c
,8b5baa460b
,cf0613d242
,caea6cf521
,6da8ae556c
,ea982d9ffd
,0a759b2466
,90b128ed15
,ef1417a5a6
,b7ab6e3d21
,ae795fe760
,d96d8aa261
,2dc1733fd4
,2612c49db3
,2934578e28
,986189f9ec
,c2136301e4
,0993537bff
,7e238a2ecd
,d969135aae
,c5320926e3
,54886a7153
,5812c13a4e
,8de7a7d950
,c08acff054
,13aa7e0bc2
,a998646456
,a30124539b
,a7fa20a594
,fbe43ff003
,39222c82f7
,f023029427
,9bc9ccd7db
,8ceafbfa91
,2821fe6b00
,ca9efa1741
,792e6a6cb2
,b95b49168f
,ad40f83f5a
,b357787e74
,d8ec5a5d4c
,6afae6457b
,fe8a45df36
,d320e203ba
,fcd7476f9e
,4fb09a8705
,4fbf888acc
,8422d1f181
,afc6592412
,89b4be142b
,7e4da109b4
,738867f9f8
,9450d92c8c
,514918f0d1
,a190f7867e
,0846c728e2
,b746f9c794
,d72681d7c6
,c681427e5c
,32019c739c
,cd1177f250
,9073e1a804
,82c80e9d9d
,0891ad829d
,abfe69dd2e
,df12a3178d
,ffd3c0260a
,449bf8d03c
,b29c8306a3
,73d75ba99e
,a7d2472d81
,f86e7bc968
,1213959d4a
,1446f17adf
,c98d6c65e6
,c2ac2ae44d
,794e96e8ec
,cdd278db0e
,4861292f73
,614d7426ec
,dcaea2c18e
,9a04d08b11
,077a671d7b
,6431b43097
,77aa26514a
,9bad584548
,b38f67c4ae
,4007162647
,2ecd1aba59
,9066d9b250
,e87e7be929
,4457e6f6c9
,1ee2dcc224
,091e0662ee
,ed6a82546d
,6d6e352c80
,5a1efc6e68
,b5898cd057
,e98a6e59df
,4f837c3b11
,c33ef2c9ed
,bdbe9c72f6
,ac5f1ad349
,971a6f45e0
,cde4d7596c
,4b47ab4265
,9a5c543dd7
,bf9d121efc
,7acd71879c
,cd2cc01b67
,78ef359cb6
,ee71a70e95
,ded5107e2a
,cf96967794
,27946e9710
,3bab0bf045
,24f971abbd
,6ea9786e76
,fb0d1eb892
,c85e07278e
,533db9b3d4
,d0f278c1dd
,c874e6fc35
,d2c2ad54c4
,0032cdefff
,57498f9cb9
,c3fda066de
,7e9e801f74
,3981560c2a
,90ba0813db
,8e45099e02
,d5aedd7e1b
,192b4bcbbe
,434a438af2
,6df025c1ae
,b95485143b
,3af4977ed6
,75cc4d470c
,a32555249f
,a46b6e7283
,652787ab1a
,4f9e5df211
,8ae516aa8b
,049da9e8f8
,2d304ba757
,db8fbb49df
,d0b00d3fb9
,e345d767f6
,ba33fef0f6
,f496863658
,682a2512ea
,e7c0d3dac8
,3bad8bb5cd
,962ba26326
,b8aba7611b
,c18158f1fd
,e63e60be62
,282c183b02
,b01537bfbc
,b8495995dd
,2855987d13
,de92a0589c
,7224b31bd5
,dc418f6e6a
,d5ff835f88
,696701b89d
,1d07489aac
,5fc92de3c7
,aeac81033b
,bcc2f9b718
,e321ae4c20
,a0b57ca33e
,a45299e727
,dea4f48a0a
,041b499bb1
,a59b40b30f
,d63e502dbe
,c0c3350c3c
,3060817fe8
,82cca5dace
,988bf4f01e
,1c4b578aa4
,d930f0082d
,d644c026e6
,278717909d
,8aa9c36788
,fa22f66b82
,8ae19ec335
,10c028e94e
,60460f6551
,7bc494a93f
,1ec2c7fc11
,da1965d353
,59fb2f0e9e
,ef1e4e32d5
,9255ce80f8
,29be6345bb
,5ee540613d
,b52b342d31
,002acf1fc1
,05f4720e5f
,7cdcec991c
,8e7030097e
,470abdcfda
,7adfff587b
,c537aba00e
,843f4f4bb1
,239a87020b
,bfb26328b9
,f64001ef16
,3f02ff5c2c
,b6db4eb02e
,754ac45745
,77bd2adb97
,757de81e8b
,17b2112f33
,6a46ff87d4
,3daf65c0ed
,22056614ee
,5e0af24cee
,e80ba46120
,9538e10086
,1caab68bff
,88b07b3660
,231df15f1c
,4585a79d16
,33457ff7cd
,d0977e2b85
,67cc688554
,2ff7085046
,caa3df8f46
,e20ab019e2
,48a2f0b272
,5dec682c7f
,319720f534
,62a3a12667
,25945b6690
,5c015db7d9
,c8469441c4
,86b581f6f1
,846f29a6af
,ea4ebd1cb0
,2208f6513a
,c9111b4df4
,e09f67f147
,54fb723cc4
,8d2763770c
,f649350591
,dbb022cb46
,31f984d10c
,599eefa03f
,ca3367518b
,7fc61f8458
,0ca9fff744
,1008ebb61e
,93e1585e2c
,d93aca6050
,334a82086d
,b2077ebc19
,0925f2cdf9
,b5745c5962
,9199c4caa1
,f1cd659449
,4ddebaf42d
,a5905a9205
,0eda4020ae
,1070d5ac19
,60e53a6701
,b0031f227e
,27dc779835
,b6a15802ee
,7089fdd814
,8b80384169
,a7c12639bd
,35eecf0522
,781069279f
,b7e0473584
,2516b61537
,1aba038bbb
,e523365820
,405a96d6ea
,cabd0e3a38
,9b1be0f976
,58cac3faef
,f7556698a3
,6da37d470b
,3c19a0a2bd
,96b7fe0119
,5b8314a988
,b1aca94efa
,5263f0a880
,4203d0eb3a
,95fcfa70f3
,46dd0835ca
,a81ce79bf2
,4773ef2241
,76ae07df25
,a6ddeee32d
,5e6d26cf48
,6eb3c2822e
,a8472b4bb1
,1733348bd0
,ba8b844f1b
,93579aeec2
,015cdf686a
,22f12c60e1
,73e33c11b6
,418cb50bd6
,a3981a52a2
,6961bc6c70
,dc0a6b4fee
,b257bab5a6
,4b69316ede
,f6398600f9
,70e672fa73
,f41bfc9423
,1a6725359e
,bfde19c4c2
,82f4fe7078
,4cff612353
,a72338a00e
,8eb9bff0ed
,bddffa28dc
,d7ada73c18
,67e0c1b037
,6e4c61968b
,f0082e3cf7
,71ce176ee6
,f991db1cf1
,03bdeda624
,6b8c982d41
,4706515a92
,3308d53580
,0a405fe97f
,6c72139fb1
,9a0bb2966e
,61ef8be7fa
,7c06abcb16
,152b734a9e
,06f055f394
,7a262d2ed9
,23e8e5901d
,d11739e6d8
,723a6c7a29
,497d2214e5
,c8d150761c
,f0a679afef
,ce088848c2
,a50f9d5ee0
,e46316c86e
,77410baf45
,a707271a81
,ef350bb7c5
,a04c0e2c0d
,2eff7c791a
,a3f28efa57
,ceb3b0212d
,f8829150d8
,7d1c153ab3
,0f74d82d80
,13de22c59f
,c4d7099867
,2aa63ce000
,21e20e22d4
,c43a5eb269
,cff539b11c
,324c66ff52
,e2bc44706f
,228fdc083b
,061f49ec2d
,a6da83f982
,c0eeb856e9
,e59da0aedb
,703a8c2dfa
,145830dfb0
,1a60864fc1
,2e67c56248
,a9bdddb8dd
,70b23ce347
,9826dbb1e9
,93a11c8f5c
,9b6c4ea95f
,85ce70fdf4
,8c12ec7411
,8b6d79f5b8
,8f211b6ccc
,48ba620aab
,7d0d46da75
,16ec54ad15
,4d93540299
12,,Tags = ['Addedbuild'| 'no-am-tag-changed'| 'no-fm-tag-changed']
,58497204aa
,922ca1dfc2
,8b6eb56a95
,b016a0dd08
,684f434cc0
,e2137086be
,0ab89d0bf8
,74af377bc2
,8097047217
,007fbbea9f
,6e6dc401d5
,ab7474ea53
4,,Tags = ['Removebuild'| 'no-am-tag-changed'| 'no-fm-tag-changed']
,1700a449fe
,a3c9e45d18
,97b0b6ca4c
,63d7bd1b17
26,,Tags = ['AddedDepends'| 'no-am-tag-changed'| 'no-ck-tag-changed']
,ca40e29501
,f735bba4cc
,80d26236c7
,4b88e33091
,66bf8fa2ac
,1d3d59108e
,7e66e2689c
,4777f79689
,6197c34425
,796c8e1c34
,33777f34b5
,9e3396ae42
,92359d6d65
,54128df2ba
,d4f9e7b3d1
,90890b1ef5
,686245bee9
,2bf75084f6
,7badfb1c34
,3352b80075
,72ac01274a
,930ba4a374
,88ec6a4d83
,7cd0c298f6
,a844f38671
,9ebddac7ea
7,,Tags = ['NewDepends'| 'changeAsset'| 'no-ck-tag-changed']
,b444d1dfe2
,a59ca9773c
,f8785c5514
,3ea369eea0
,70fe8217e1
,c24cb6c8b5
,1ab231b274
7,,Tags = ['AddedDepends'| 'changeAsset'| 'no-ck-tag-changed']
,5ce0ba8865
,b59278548e
,ad14ad735f
,c0ced86d38
,f02ae59b12
,5c509a2bb4
,32ac486967
33,,Tags = ['Modifybuild'| 'addAsset'| 'changeAsset'| 'no-fm-tag-changed']
,0cdfcc0f93
,d0175e7e78
,a0b03a616b
,e3c51ca8fa
,59ee2361c9
,7d0911c02f
,646e29a178
,071fb4cbe0
,e8c2d99f82
,d570142674
,4a19138c65
,0a2a78c4a9
,72be35fee6
,97e592bd29
,420118d483
,48ce3ec16a
,cd1aebf527
,adf53a778a
,3ce1217d6c
,6f3a193605
,b8a216269e
,f6d12eefcd
,99a0ea2d5b
,26fdd78cce
,294e30fee3
,014d595c23
,ca439c9b98
,6de714c21a
,69977ff55e
,9508c6b90b
,5f55dbc0c5
,28adb3026d
,aecde27c4f
3,,Tags = ['ModifyFeature'| 'RemoveFeature'| 'changeAsset'| 'no-ck-tag-changed']
,4ddfebd3b0
,aef393da75
,5d9efa7ee9
1,,Tags = ['Modifybuild'| 'RemoveSelect'| 'Removebuild'| 'Removeifdef'| 'changeAsset']
,b69f460dc1
27,,Tags = ['changeAsset'| 'no-ck-tag-changed'| 'no-fm-tag-changed'| 'removeAsset']
,66fcbe6b7c
,6ae894166c
,f1ff5b2549
,74227e65f9
,be0804513a
,f44089a7f4
,c884357ec6
,20c99e8217
,9f627100b9
,f121910396
,57ae1605c0
,9339ce4577
,fc42ef5121
,c00809d330
,578fdfdf32
,6886530bab
,0fc869e8f2
,1a9db0a9ea
,71304f5a26
,b88c4767d9
,35d747a81d
,5702941eec
,8b558c5f09
,e4528d696f
,e7f2c8c1f0
,8a60ba0a05
,24cb412041
1,,Tags = ['AddedMapping'| 'addAsset'| 'no-fm-tag-changed']
,a43736deb4
1,,Tags = ['Addedbuild'| 'ModifyMapping'| 'addAsset'| 'no-fm-tag-changed']
,2ec35a4252
16,,Tags = ['NewDepends'| 'no-am-tag-changed'| 'no-ck-tag-changed']
,31507f74f1
,ad6343a49e
,9d7278d0b4
,965e260a06
,7ba0127805
,6170155d4a
,8addac75a1
,7df697c815
,2ab61fa047
,6e078bc2f2
,de00b30d05
,51d8e7fbff
,f5ae18ece3
,77f7ce9a9f
,bc912b0d23
,7787380336
32,,Tags = ['no-am-tag-changed'| 'no-ck-tag-changed'| 'no-fm-tag-changed']
,fb51b500a9
,9dbd5fe8b5
,7d1815e1e5
,ece238fe0a
,1860c925f8
,d2193ce2ce
,ced3c42c9f
,a822794886
,8c88126bbb
,18f6533277
,a26a8746ce
,6d56a410ae
,362ecc7c38
,b3f2436add
,4c4e4f6136
,cce6de908e
,706e282b69
,8787fcd209
,2eaf6b5dca
,e02aea9132
,bcd2623073
,dfaaed08ec
,bb61ccc7db
,3aa4f80e41
,cdc4ead09d
,339a4b72c8
,1c3fc3e5cc
,4819224853
,4204617d14
,f3014127ad
,8cb04be886
,5d9270869b
103,,Tags = ['addAsset'| 'changeAsset'| 'no-ck-tag-changed'| 'no-fm-tag-changed']
,e0349d5bac
,1bfbddb6f3
,63f57cd45b
,118150f22d
,7721da4c1e
,3203209d61
,0c44c2d0f4
,a787870924
,c2daa3bed5
,f91f9258f6
,67f13daadc
,937433c250
,ff04b40152
,eee0316497
,7679c0e191
,a112de8c7a
,68b63f08d2
,092a4bd069
,f3fed36749
,2b2b614dd2
,9c19cfa93a
,507cadf262
,5ce26f3b5a
,d174ec2287
,56ec1978ff
,feeea8f34c
,06a9ea5d76
,dc7743aa3c
,0fc924bd4e
,f8302e1efa
,99919e5e15
,eadc62fc43
,c9218fe63f
,6913952f56
,6b2978ac40
,465ce68b46
,99633ab29b
,f75efdd768
,d195608acc
,d7d1d45cc4
,420f9739a6
,3a167beac0
,72c1253574
,dba291f2ce
,701a0dc088
,3d8c8bc025
,76df26b5bb
,444474dd5b
,79a9becda8
,7b09eea529
,e54686e4c7
,54e72f0ba3
,f5fc14124c
,fbc364773f
,70a9883c5f
,f95a48834c
,3242a86170
,85eb5dce82
,9f7a949fb9
,856de81583
,a9f10ca76d
,648ae35c54
,e5f7825cda
,ffd6dd3eaa
,67125b0287
,7a54698fa6
,ed845d6b78
,6275a9be78
,497c56a581
,47869f5d11
,1d697db0ab
,6157e734de
,86408059df
,3bfcec35da
,912de74c81
,08f6fbdb9b
,20cdeaf938
,48ae0b355f
,81ab4190ac
,ec0b380245
,5f41ea0386
,03aa254f1e
,0d522ee749
,aae7bce481
,f8049e3e86
,16cd9d1c0f
,58e5637333
,38c7937379
,846b730e99
,e6d69a60b7
,dc6ec87d4c
,fd8e198cfc
,5094d27171
,9cb238c00b
,b90f7b8af9
,b7fe6bf7f4
,dda9cc3a14
,b8be3a2279
,8ecffd7914
,f2e2c9d9b4
,ea1e61cbb9
,c5fdd531b5
,ee2f615d6e
7,,Tags = ['Removebuild'| 'changeAsset'| 'no-fm-tag-changed'| 'removeAsset']
,51100bdc06
,6dd937e8f6
,3ea3e63938
,9f4980e68b
,29b67c39dc
,f097e25dbe
,691dd0b7d2
3,,Tags = ['AddedDepends'| 'AddedFeature'| 'AddedMapping'| 'AddedSelect'| 'NewSelect'| 'addAsset'| 'changeAsset']
,7f63037c8f
,8df5a1ba67
,db0b2d0116
1,,Tags = ['ModifyFeature'| 'RemoveDefault'| 'RemoveFeature'| 'no-am-tag-changed'| 'no-ck-tag-changed']
,1a81b94d4f
1,,Tags = ['AddedFeature'| 'Addedbuild'| 'Modifybuild'| 'NewDepends'| 'changeAsset']
,ffb7fc0f6d
1,,Tags = ['AddedDepends'| 'AddedFeature'| 'AddedMapping'| 'AddedSelect'| 'RemoveMapping'| 'changeAsset']
,e9004f5039
2,,Tags = ['RemoveSelect'| 'addAsset'| 'changeAsset'| 'no-ck-tag-changed'| 'removeAsset']
,7b85b867b9
,3d729d33ee
17,,Tags = ['NewSelect'| 'changeAsset'| 'no-ck-tag-changed']
,ca9a563805
,b2a4df200d
,2c66daecc4
,3e3101d57c
,b4e8459947
,7388901528
,1dc254ac9f
,70e9e77833
,7e0be9f9f7
,0bc202b3bb
,bca028e7c2
,30a83695aa
,f06d19e460
,5d5119a476
,2430cdd0fe
,941ef73dbe
,9a2f1aad2f
3,,Tags = ['AddedFeature'| 'AddedMapping'| 'AddedSelect'| 'NewDepends'| 'NewSelect'| 'addAsset'| 'changeAsset']
,3ffdea3fec
,d95d3d53c7
,b915550179
6,,Tags = ['AddedFeature'| 'NewDepends'| 'changeAsset'| 'no-ck-tag-changed']
,741ecef62a
,9327e2c6bb
,8f2535b92d
,dd1d1399f2
,9491846fca
,994dcf7055
1,,Tags = ['AddedFeature'| 'AddedMapping'| 'AddedSelect'| 'Addedbuild'| 'Modifybuild'| 'NewDepends'| 'NewSelect'| 'addAsset'| 'changeAsset']
,cfa8b3f54e
1,,Tags = ['AddedDepends'| 'AddedFeature'| 'AddedMapping'| 'ModifySelect'| 'RemoveMapping'| 'addAsset'| 'changeAsset'| 'removeAsset']
,7af2755d78
1,,Tags = ['AddedDepends'| 'AddedFeature'| 'AddedSelect'| 'Addedbuild'| 'ModifyDefault'| 'ModifyDepends'| 'ModifyFeature'| 'ModifySelect'| 'RemoveDepends'| 'RemoveMapping'| 'Removebuild'| 'addAsset'| 'changeAsset'| 'removeAsset']
,dc4fea795b
12,,Tags = ['Addedbuild'| 'changeAsset'| 'no-fm-tag-changed']
,eed380f3f5
,0d4f55bc37
,7009deab19
,429eb05101
,2f48fcd84e
,b52bc23414
,9997e62682
,f0c4ac1329
,9deb0eb7ca
,ce6513f758
,762fb1ddd5
,53c6de5026
1,,Tags = ['RemoveDepends'| 'RemoveFeature'| 'RemoveSelect'| 'Removebuild'| 'addAsset'| 'changeAsset'| 'removeAsset']
,801201aa25
6,,Tags = ['ModifyMapping'| 'addAsset'| 'changeAsset'| 'no-fm-tag-changed']
,1e019421bc
,6a08e1e6f7
,f382d9eb82
,c1577c1ea0
,b8d181e408
,9b66bfb280
2,,Tags = ['AddedFeature'| 'AddedMapping'| 'AddedSelect'| 'NewDepends'| 'addAsset'| 'changeAsset']
,5892cd135e
,61f860c356
6,,Tags = ['AddedFeature'| 'Addedbuild'| 'NewDepends'| 'addAsset'| 'changeAsset']
,ab3c3587f8
,f36f8c75ae
,ea53ac5b63
,8623ec220b
,85b656cf15
,af2e2f3280
5,,Tags = ['ModifyDepends'| 'changeAsset'| 'no-ck-tag-changed']
,0c5218362b
,cc54ccd9a6
,a410146c3e
,0397bb85b5
,2cc6e2e0c8
16,,Tags = ['AddedMapping'| 'addAsset'| 'changeAsset'| 'no-fm-tag-changed']
,7f6db17172
,1a338ac32c
,ad09cb8381
,eea4fba5b3
,8843c9d430
,629cc70dda
,2349199db5
,50c517d92e
,687c27b070
,e1cb367de2
,26649467ad
,811e7c8734
,0d481d4187
,abcba009e5
,19e2e172f0
,0dd450fe13
36,,Tags = ['AddedSelect'| 'changeAsset'| 'no-ck-tag-changed']
,8c0695e499
,688e6a6df8
,fa94bd57b5
,e6001482d4
,68e9074028
,65cd4f6c99
,8a749de5e3
,2412fbf1ff
,e6c661ef18
,1bcce93947
,7ec7c4a9a6
,f95a2b3d98
,1f5580986a
,d7057e1de8
,58d5ec8f8e
,9732497d4d
,98dec91fa3
,a28875462b
,74b8031307
,5686b06cea
,3fe78ca2fb
,c7c8bb237f
,5bb3398dd2
,0cbad9c9df
,d241aac798
,c0ff3c53d4
,1d7bf993e0
,9c8e612d9d
,ede5822242
,812cb83a56
,1b2722752f
,a1659d6d12
,29e248829d
,09759d1e13
,488574dbc4
,f5835372eb
3,,Tags = ['RemoveSelect'| 'changeAsset'| 'no-ck-tag-changed'| 'removeAsset']
,f1a4c52ff5
,85649711a8
,40ca061b1b
7,,Tags = ['AddedDepends'| 'AddedFeature'| 'AddedSelect'| 'Addedbuild'| 'ModifyDefault'| 'ModifyDepends'| 'ModifyFeature'| 'ModifySelect'| 'Modifybuild'| 'RemoveDepends'| 'RemoveMapping'| 'Removebuild'| 'addAsset'| 'changeAsset'| 'removeAsset']
,e2aad1d571
,e8f00c1b01
,0cab71e701
,f004eaf4d1
,8e9c4aa4e7
,d820306cbe
,2f8d01a147
5,,Tags = ['RemoveDepends'| 'RemoveFeature'| 'changeAsset'| 'no-ck-tag-changed']
,1cad5e9a39
,5c2aae8355
,7d0857a54a
,280481d06c
,57f4257eae
2,,Tags = ['AddedSelect'| 'changeAsset'| 'no-ck-tag-changed'| 'removeAsset']
,61e570a9df
,7bc13d78c6
1,,Tags = ['AddedDepends'| 'AddedFeature'| 'ModifyDepends'| 'Modifybuild'| 'RemoveMapping'| 'changeAsset'| 'removeAsset']
,d0e190c37a
6,,Tags = ['ModifyMapping'| 'Modifybuild'| 'changeAsset'| 'no-fm-tag-changed']
,81cf1e061d
,ef26958a0c
,004f47bcad
,cae26f3113
,5c1f34c42d
,0e4b0743bb
13,,Tags = ['ModifyDepends'| 'no-am-tag-changed'| 'no-ck-tag-changed']
,3c5710f6a2
,a746c286f3
,7d5f880b46
,d96caf61ac
,e7ed8b40e4
,ef4d4d1b8f
,6cf09b9d17
,4ef4c943a0
,e4a42f655f
,5edb1062e5
,7d02c4d64d
,8a24284275
,f63c4824aa
1,,Tags = ['ModifyDefault'| 'ModifyDepends'| 'no-am-tag-changed'| 'no-ck-tag-changed']
,f4b24978aa
1,,Tags = ['RemoveDefault'| 'RemoveDepends'| 'no-am-tag-changed'| 'no-ck-tag-changed']
,f2acae69a2
1,,Tags = ['RemoveDepends'| 'changeAsset'| 'no-ck-tag-changed']
,206ce59a10
3,,Tags = ['Removebuild'| 'changeAsset'| 'no-fm-tag-changed']
,6319c61aec
,187eea0c35
,fc3be3e8fc
1,,Tags = ['AddedMapping'| 'Addedbuild'| 'Addedifdef'| 'changeAsset'| 'no-fm-tag-changed']
,f0e6d220a7
1,,Tags = ['AddedFeature'| 'AddedMapping'| 'Addedbuild'| 'Addedifdef'| 'NewDepends'| 'NewSelect'| 'addAsset'| 'changeAsset'| 'removeAsset']
,b56e5a17b6
1,,Tags = ['Modifybuild'| 'RemoveSelect'| 'Removebuild'| 'Removeifdef'| 'changeAsset'| 'removeAsset']
,fca9b5ea3e
1,,Tags = ['AddedFeature'| 'AddedMapping'| 'AddedSelect'| 'Addedbuild'| 'Modifybuild'| 'NewSelect'| 'RemoveSelect'| 'Removebuild'| 'Removeifdef'| 'addAsset'| 'changeAsset'| 'removeAsset']
,0ebf7dc47a
1,,Tags = ['AddedDepends'| 'ModifyDefault'| 'ModifyDepends'| 'ModifyFeature'| 'RemoveDefault'| 'RemoveDepends'| 'RemoveFeature'| 'RemoveMapping'| 'RemoveSelect'| 'Removebuild'| 'Removeifdef'| 'changeAsset'| 'removeAsset']
,ec01791d0f
4,,Tags = ['AddedMapping'| 'changeAsset'| 'no-fm-tag-changed']
,a60f4f81e4
,de57a1547a
,3a48fef18d
,d9df6e1e1c
5,,Tags = ['AddedDefault'| 'AddedFeature'| 'changeAsset'| 'no-ck-tag-changed']
,037f637767
,191124efb4
,a44eb870f8
,bcbc9b0cf6
,7f3bbb82e0
1,,Tags = ['AddedMapping'| 'ModifyDepends'| 'changeAsset']
,50a97e059b
3,,Tags = ['Modifybuild'| 'changeAsset'| 'no-fm-tag-changed'| 'removeAsset']
,aeef67ebab
,7585382ad5
,e258d719ff
3,,Tags = ['Modifybuild'| 'Removebuild'| 'changeAsset'| 'no-fm-tag-changed'| 'removeAsset']
,c44c8e9d96
,3124eb1679
,6570b4a991
5,,Tags = ['AddedDepends'| 'AddedFeature'| 'AddedMapping'| 'NewDefault'| 'changeAsset']
,1cc6ac59ff
,e3825b48e2
,f23b71f3fe
,30330b8fed
,b8ad5c3706
1,,Tags = ['AddedDepends'| 'AddedFeature'| 'Addedbuild'| 'NewDefault'| 'changeAsset']
,e2404434b6
2,,Tags = ['Addedbuild'| 'NewSelect'| 'addAsset'| 'changeAsset']
,f69bcbf3b4
,2141c7c5ee
5,,Tags = ['Addedbuild'| 'Addedifdef'| 'addAsset'| 'no-fm-tag-changed']
,8d49751580
,7495f3742d
,78e9d65508
,b7bcef6f8e
,058f952de9
9,,Tags = ['Addedbuild'| 'Modifybuild'| 'changeAsset'| 'no-fm-tag-changed']
,809373e29a
,ec0ad3d01f
,8a5411e9a3
,7a6354e241
,a614d01bdd
,4d9218daae
,b0756b5ade
,54e11304e8
,9ba4bcb645
16,,Tags = ['AddedSelect'| 'no-am-tag-changed'| 'no-ck-tag-changed']
,48c8cd291c
,31c1fc8187
,a2cd11f7d5
,62d26c8200
,4a19aad2b1
,700e262920
,50eec2fce4
,d701884894
,4a24fb2f30
,77fbbc8112
,e84dfa26a0
,dbed714163
,0c403462d6
,0fb50e5539
,419a4aaeb0
,725dd7eb17
4,,Tags = ['Addedbuild'| 'Addedifdef'| 'changeAsset'| 'no-fm-tag-changed']
,474a83b76f
,24036fdc76
,1bf49dd4be
,02ce6e879e
3,,Tags = ['AddedSelect'| 'addAsset'| 'changeAsset'| 'no-ck-tag-changed']
,b985172b32
,60cd8b09f1
,36059ee2ba
3,,Tags = ['RemoveSelect'| 'no-ck-tag-changed'| 'removeAsset']
,ffde39ea61
,88f718e3fa
,44d94e8de5
1,,Tags = ['AddedFeature'| 'AddedMapping'| 'AddedSelect'| 'NewDepends'| 'NewSelect'| 'RemoveDepends'| 'RemoveFeature'| 'RemoveMapping'| 'RemoveSelect'| 'changeAsset']
,5d93d1e76a
1,,Tags = ['AddedDepends'| 'AddedFeature'| 'AddedMapping'| 'AddedSelect'| 'NewSelect'| 'RemoveDepends'| 'RemoveFeature'| 'RemoveMapping'| 'RemoveSelect'| 'changeAsset']
,6747caa76c
17,,Tags = ['NewSelect'| 'no-am-tag-changed'| 'no-ck-tag-changed']
,09f33c3320
,2cd1e1d8c1
,71c568c000
,1571ed0c45
,468bcf08fb
,1a7f6be5c9
,355f65a391
,a862a4262f
,b7e7c37b6e
,09d8dd9371
,ff649a6f9b
,e00ca5152b
,e94363440a
,85f32dbdeb
,0a5a5499ad
,93353e8088
,09ca27579e
5,,Tags = ['AddedDepends'| 'Addedbuild'| 'Addedifdef'| 'ModifyMapping'| 'Modifybuild'| 'NewDepends'| 'NewSelect'| 'RemoveDepends'| 'RemoveFeature'| 'RemoveSelect'| 'addAsset'| 'changeAsset']
,d717349368
,88502b9c0a
,73b2277718
,4ceedcf815
,df9b17f586
1,,Tags = ['Addedbuild'| 'Modifybuild'| 'Removebuild'| 'addAsset'| 'changeAsset'| 'no-fm-tag-changed'| 'removeAsset']
,8e17a7f32a
1,,Tags = ['ModifyDepends'| 'RemoveDepends'| 'no-am-tag-changed'| 'no-ck-tag-changed']
,ff3fb25412
2,,Tags = ['AddedMapping'| 'AddedSelect'| 'addAsset'| 'changeAsset']
,49863894db
,dec8e46178
3,,Tags = ['Addedbuild'| 'Addedifdef'| 'Modifybuild'| 'changeAsset'| 'no-fm-tag-changed']
,405ffbd498
,fc67297b16
,dd3190ee81
8,,Tags = ['ModifySelect'| 'no-am-tag-changed'| 'no-ck-tag-changed']
,d9628bbeca
,29c700d758
,b6bda4e0d2
,0b5e6661ac
,59fd3033b5
,a48c4904a9
,be9b01675e
,9170217510
1,,Tags = ['AddedFeature'| 'AddedSelect'| 'Addedbuild'| 'addAsset'| 'changeAsset']
,6fdc5dd25e
5,,Tags = ['AddedFeature'| 'changeAsset'| 'no-ck-tag-changed']
,cc1f027454
,06e6295bce
,0dafafc3ef
,fbd989b1d7
,e009bb30c8
2,,Tags = ['AddedSelect'| 'RemoveMapping'| 'changeAsset'| 'removeAsset']
,dd68eb02e4
,8a8594a738
1,,Tags = ['AddedDepends'| 'AddedFeature'| 'Addedbuild'| 'Addedifdef'| 'ModifyDefault'| 'ModifyFeature'| 'ModifyMapping'| 'ModifySelect'| 'Modifybuild'| 'NewDepends'| 'NewSelect'| 'RemoveDepends'| 'RemoveFeature'| 'RemoveSelect'| 'addAsset'| 'changeAsset'| 'removeAsset']
,4fbef95af4
4,,Tags = ['AddedFeature'| 'AddedSelect'| 'changeAsset'| 'no-ck-tag-changed']
,b8d490c3de
,be5e610c0f
,3cc377b9ae
,dd0508093b
13,,Tags = ['Addedbuild'| 'Modifybuild'| 'addAsset'| 'changeAsset'| 'no-fm-tag-changed']
,01dc909fa1
,dbee3f2a12
,6a9d10d529
,ec902c620b
,574e2b5111
,320ae51fee
,50bd6153d1
,5407f31bd3
,5f60ed0d84
,87968f94fb
,aaedb55bc0
,e657d8fe2f
,806dace637
1,,Tags = ['AddedDepends'| 'AddedFeature'| 'AddedSelect'| 'Addedbuild'| 'Addedifdef'| 'ModifyDefault'| 'ModifyDepends'| 'ModifyFeature'| 'ModifyMapping'| 'ModifySelect'| 'Modifybuild'| 'NewDepends'| 'NewSelect'| 'RemoveDepends'| 'RemoveFeature'| 'RemoveMapping'| 'RemoveSelect'| 'Removebuild'| 'addAsset'| 'changeAsset'| 'removeAsset']
,6c09f6d830
1,,Tags = ['AddedDefault'| 'AddedDepends'| 'AddedFeature'| 'AddedSelect'| 'ModifyDepends'| 'no-am-tag-changed'| 'no-ck-tag-changed']
,19f29887a7
1,,Tags = ['RemoveDepends'| 'RemoveSelect'| 'changeAsset'| 'no-ck-tag-changed']
,42e705e91f
1,,Tags = ['AddedDepends'| 'AddedFeature'| 'Addedbuild'| 'ModifyDepends'| 'addAsset'| 'changeAsset']
,d639feaaf3
2,,Tags = ['ModifySelect'| 'RemoveSelect'| 'no-am-tag-changed'| 'no-ck-tag-changed']
,b788beda4d
,f350f82386
1,,Tags = ['AddedDepends'| 'ModifyDepends'| 'no-am-tag-changed'| 'no-ck-tag-changed']
,f30bd6855c
1,,Tags = ['AddedSelect'| 'RemoveDefault'| 'RemoveDepends'| 'RemoveFeature'| 'RemoveSelect'| 'no-am-tag-changed'| 'no-ck-tag-changed']
,6e2d9e9352
2,,Tags = ['RemoveDefault'| 'no-am-tag-changed'| 'no-ck-tag-changed']
,38901f1c1c
,b02f84671c
3,,Tags = ['AddedDepends'| 'AddedFeature'| 'AddedMapping'| 'AddedSelect'| 'ModifyFeature'| 'ModifyMapping'| 'ModifySelect'| 'Modifybuild'| 'NewDefault'| 'NewSelect'| 'RemoveDepends'| 'RemoveFeature'| 'changeAsset'| 'removeAsset']
,02ab343f3b
,97a7729a5c
,4c015ba24b
1,,Tags = ['ModifySelect'| 'RemoveFeature'| 'RemoveSelect'| 'no-am-tag-changed'| 'no-ck-tag-changed']
,07d8a49c26
3,,Tags = ['AddedFeature'| 'AddedMapping'| 'AddedSelect'| 'NewSelect'| 'addAsset'| 'changeAsset']
,6c409bfa42
,50128df2c0
,7a093c74c7
1,,Tags = ['AddedFeature'| 'AddedMapping'| 'AddedSelect'| 'Addedbuild'| 'NewDepends'| 'NewSelect'| 'addAsset'| 'changeAsset']
,586eeb01e7
6,,Tags = ['AddedDepends'| 'AddedFeature'| 'AddedMapping'| 'AddedSelect'| 'Addedbuild'| 'Addedifdef'| 'ModifyDefault'| 'ModifyDepends'| 'ModifyFeature'| 'ModifyMapping'| 'ModifySelect'| 'Modifybuild'| 'NewDefault'| 'NewDepends'| 'NewSelect'| 'RemoveDepends'| 'RemoveFeature'| 'RemoveMapping'| 'RemoveSelect'| 'Removebuild'| 'addAsset'| 'changeAsset'| 'removeAsset']
,9f9e4266a6
,77445a14d6
,bfabb59433
,37bf06375c
,263c43a447
,381bd9517a
1,,Tags = ['AddedDepends'| 'AddedFeature'| 'AddedMapping'| 'AddedSelect'| 'Addedbuild'| 'Addedifdef'| 'ModifyDefault'| 'ModifyDepends'| 'ModifyFeature'| 'ModifyMapping'| 'ModifySelect'| 'Modifybuild'| 'NewDepends'| 'NewSelect'| 'RemoveDepends'| 'RemoveFeature'| 'RemoveMapping'| 'RemoveSelect'| 'Removebuild'| 'addAsset'| 'changeAsset'| 'removeAsset']
,a56e74f546
1,,Tags = ['RemoveDepends'| 'RemoveFeature'| 'RemoveSelect'| 'Removebuild'| 'no-am-tag-changed']
,3880d21450
1,,Tags = ['AddedDepends'| 'AddedFeature'| 'AddedMapping'| 'Addedbuild'| 'no-am-tag-changed']
,6cfc229d6f
1,,Tags = ['RemoveDepends'| 'RemoveFeature'| 'RemoveSelect'| 'Removebuild'| 'changeAsset']
,494b244967
4,,Tags = ['ModifyMapping'| 'changeAsset'| 'no-fm-tag-changed']
,ca1e6f22a0
,cd8344f4dd
,ed76956f70
,26273e02a0
2,,Tags = ['AddedFeature'| 'AddedMapping'| 'AddedSelect'| 'ModifyMapping'| 'NewSelect'| 'addAsset'| 'changeAsset']
,63862f14bd
,695e604477
1,,Tags = ['Addedbuild'| 'Addedifdef'| 'ModifyFeature'| 'no-am-tag-changed']
,3ae970a688
1,,Tags = ['ModifyFeature'| 'RemoveDepends'| 'RemoveFeature'| 'RemoveMapping'| 'RemoveSelect'| 'no-am-tag-changed']
,df8ee58d73
2,,Tags = ['Removebuild'| 'no-fm-tag-changed'| 'removeAsset']
,3d88812151
,365aa51e11
3,,Tags = ['Addedbuild'| 'Modifybuild'| 'addAsset'| 'no-fm-tag-changed']
,a1425d428f
,6e58b8f1da
,163a036468
3,,Tags = ['Modifybuild'| 'Removebuild'| 'Removeifdef'| 'changeAsset'| 'no-fm-tag-changed']
,7a59743d0c
,7aeb7448d8
,1e95ab5846
1,,Tags = ['Modifybuild'| 'Modifyifdef'| 'changeAsset'| 'no-fm-tag-changed']
,89fe808ae7
2,,Tags = ['Addedbuild'| 'Addedifdef'| 'Modifybuild'| 'addAsset'| 'no-fm-tag-changed']
,3ae069cfda
,baa9c30e1e
12,,Tags = ['Addedbuild'| 'Modifyifdef'| 'addAsset'| 'no-fm-tag-changed']
,90ac5422b6
,430be5ab0a
,c25104452d
,1ea6f99efd
,7ef9e055ce
,c7a79e96dc
,7181a6714e
,9734163b6e
,95d061c8a9
,d0707c9172
,34ef21622f
,4cc9117a35
1,,Tags = ['Modifybuild'| 'Modifyifdef'| 'Removebuild'| 'no-am-tag-changed'| 'no-fm-tag-changed']
,50eed7a71e
6,,Tags = ['Addedbuild'| 'Removebuild'| 'Removeifdef'| 'addAsset'| 'no-fm-tag-changed']
,8f7f8005f5
,e12762cfd9
,8295d4e272
,d795a658eb
,b9498b508a
,3b7646e45d
1,,Tags = ['Addedbuild'| 'Addedifdef'| 'Modifybuild'| 'Modifyifdef'| 'no-am-tag-changed'| 'no-fm-tag-changed']
,fb3d333b3f
1,,Tags = ['Addedbuild'| 'Modifyifdef'| 'Removeifdef'| 'addAsset'| 'no-fm-tag-changed']
,8869b17ee0
1,,Tags = ['Modifybuild'| 'Modifyifdef'| 'no-am-tag-changed'| 'no-fm-tag-changed']
,308e1e700a
1,,Tags = ['Removebuild'| 'Removeifdef'| 'changeAsset'| 'no-fm-tag-changed'| 'removeAsset']
,fb1c9185e3
3,,Tags = ['Addedbuild'| 'Addedifdef'| 'Modifybuild'| 'no-am-tag-changed'| 'no-fm-tag-changed']
,c72e3f04b4
,1f7c645ab4
,3e6a147dee
7,,Tags = ['Addedbuild'| 'Modifybuild'| 'no-am-tag-changed'| 'no-fm-tag-changed']
,c9404c6650
,de0f03fb8d
,f1138ec66e
,73a725f000
,8a0c4c2843
,cb292ce222
,b7000adef1
2,,Tags = ['Modifybuild'| 'Removebuild'| 'Removeifdef'| 'no-am-tag-changed'| 'no-fm-tag-changed']
,31f6be65e0
,01287e2cb7
6,,Tags = ['Addedbuild'| 'Addedifdef'| 'no-am-tag-changed'| 'no-fm-tag-changed']
,b3b64a1223
,2cfbe880f0
,1c2d1d8cf4
,b102420b50
,26fca83a22
,924dd50bc4
1,,Tags = ['Addedbuild'| 'Addedifdef'| 'Modifybuild'| 'Removebuild'| 'Removeifdef'| 'no-am-tag-changed'| 'no-fm-tag-changed']
,bd69cc286d
1,,Tags = ['Addedbuild'| 'Modifybuild'| 'Modifyifdef'| 'Removebuild'| 'Removeifdef'| 'addAsset'| 'no-fm-tag-changed']
,1c47661a93
1,,Tags = ['Removebuild'| 'Removeifdef'| 'changeAsset'| 'no-fm-tag-changed']
,0648f839ff
22,,Tags = ['Modifybuild'| 'no-am-tag-changed'| 'no-fm-tag-changed']
,aa4acf6cf1
,cee972c0e6
,3fb66335e1
,0dc0974219
,046fa7ae20
,231486a522
,28e962b9d7
,5febff0066
,ee4f96d0f0
,aec644e56e
,fcd40d69af
,6ce4eac1f6
,dc1ccc4815
,374b105797
,f46a3cbbeb
,319e2e3f63
,84ed8a9905
,413541dd66
,802eee95bd
,d6e0a2dd12
,7e22e91102
,d8ec26d7f8
2,,Tags = ['Modifybuild'| 'Removebuild'| 'no-am-tag-changed'| 'no-fm-tag-changed']
,165108a92f
,bb4c5500c9
2,,Tags = ['Addedbuild'| 'ModifyMapping'| 'addAsset'| 'changeAsset'| 'no-fm-tag-changed']
,5cac5aee18
,06ea65a398
1,,Tags = ['ModifyMapping'| 'Modifybuild'| 'addAsset'| 'changeAsset'| 'no-fm-tag-changed']
,08d83e4e17
1,,Tags = ['AddedFeature'| 'AddedMapping'| 'Addedbuild'| 'changeAsset']
,e5eaa0dc48
1,,Tags = ['AddedFeature'| 'AddedSelect'| 'NewDepends'| 'NewSelect'| 'addAsset'| 'changeAsset'| 'no-ck-tag-changed']
,ef0aa4b92c
3,,Tags = ['AddedSelect'| 'ModifySelect'| 'changeAsset'| 'no-ck-tag-changed']
,4d1a8f68b4
,f3372c0181
,7fa850ab4f
1,,Tags = ['Modifybuild'| 'RemoveFeature'| 'RemoveSelect'| 'Removebuild'| 'no-am-tag-changed']
,8254baccdd
2,,Tags = ['AddedSelect'| 'Modifybuild'| 'NewSelect'| 'RemoveDepends'| 'addAsset'| 'changeAsset']
,83862ccfc0
,e1d8f62ad4
2,,Tags = ['AddedDepends'| 'AddedFeature'| 'AddedMapping'| 'AddedSelect'| 'Addedbuild'| 'Addedifdef'| 'ModifyFeature'| 'ModifyMapping'| 'ModifySelect'| 'Modifybuild'| 'NewDefault'| 'NewDepends'| 'NewSelect'| 'RemoveDepends'| 'RemoveFeature'| 'RemoveSelect'| 'addAsset'| 'changeAsset'| 'removeAsset']
,f1ca221888
,43d93947a5
1,,Tags = ['AddedDepends'| 'AddedFeature'| 'AddedMenu'| 'AddedSelect'| 'Addedbuild'| 'ModifyDefault'| 'ModifyDepends'| 'NewDepends'| 'NewSelect'| 'RemoveMapping'| 'Removebuild'| 'addAsset'| 'changeAsset'| 'removeAsset']
,04a4e1fdd2
1,,Tags = ['Addedbuild'| 'Addedifdef'| 'Modifybuild'| 'Removebuild'| 'changeAsset'| 'no-fm-tag-changed']
,8ec19c0eba
1,,Tags = ['Addedbuild'| 'Modifybuild'| 'Modifyifdef'| 'no-am-tag-changed'| 'no-fm-tag-changed']
,65fb09922d
2,,Tags = ['AddedFeature'| 'AddedMapping'| 'NewDepends'| 'addAsset']
,813de3c649
,cea64d8c08
1,,Tags = ['AddedFeature'| 'AddedMapping'| 'ModifyMapping'| 'NewDepends'| 'no-am-tag-changed']
,cd1086913f
1,,Tags = ['AddedDepends'| 'AddedFeature'| 'AddedMapping'| 'AddedSelect'| 'Addedbuild'| 'Addedifdef'| 'ModifyDepends'| 'ModifyFeature'| 'ModifyMapping'| 'ModifySelect'| 'Modifybuild'| 'NewDefault'| 'NewDepends'| 'NewSelect'| 'RemoveDepends'| 'RemoveFeature'| 'RemoveSelect'| 'addAsset'| 'changeAsset'| 'removeAsset']
,f797bd4a02
3,,Tags = ['ModifyFeature'| 'ModifyMapping'| 'changeAsset']
,84743ea369
,29824c167b
,9370761c56
1,,Tags = ['AddedFeature'| 'AddedMapping'| 'Addedbuild'| 'Addedifdef'| 'Modifybuild'| 'changeAsset']
,7a332b0c9a
2,,Tags = ['AddedMapping'| 'Addedbuild'| 'Addedifdef'| 'Modifybuild'| 'changeAsset'| 'no-fm-tag-changed']
,de577a3568
,d72b080171
1,,Tags = ['AddedSelect'| 'Modifybuild'| 'addAsset'| 'changeAsset']
,a4da0d50b2
1,,Tags = ['Modifybuild'| 'addAsset'| 'no-fm-tag-changed']
,a489043f46
1,,Tags = ['RemoveFeature'| 'changeAsset'| 'no-ck-tag-changed']
,a4b3f029c9
1,,Tags = ['AddedMapping'| 'AddedSelect'| 'addAsset']
,8adae0c8d8
3,,Tags = ['AddedDepends'| 'AddedFeature'| 'AddedMapping'| 'AddedSelect'| 'Modifybuild'| 'NewSelect'| 'changeAsset']
,92b6f89f6b
,d61ec845e2
,7ea6c6c15e
1,,Tags = ['AddedFeature'| 'AddedSelect'| 'Addedbuild'| 'ModifyMenu'| 'NewDefault'| 'NewDepends'| 'NewSelect'| 'RemoveDepends'| 'RemoveFeature'| 'RemoveSelect'| 'changeAsset']
,4520f53a15
8,,Tags = ['Modifybuild'| 'changeAsset'| 'no-fm-tag-changed']
,0632fef669
,befe7c123e
,e25a64c401
,cd4d241d57
,f7625980f5
,98d38dd2ee
,b0e3636f65
,e3414786ff
1,,Tags = ['AddedDepends'| 'AddedFeature'| 'AddedMapping'| 'AddedMenu'| 'AddedSelect'| 'Addedbuild'| 'NewSelect'| 'addAsset'| 'changeAsset']
,96f60e37dc
1,,Tags = ['Addedbuild'| 'Addedifdef'| 'Modifyifdef'| 'Removebuild'| 'no-am-tag-changed'| 'no-fm-tag-changed']
,fcf9258501
1,,Tags = ['Removebuild'| 'Removeifdef'| 'no-am-tag-changed'| 'no-fm-tag-changed']
,5f36978ca5
1,,Tags = ['Addedbuild'| 'ModifyMapping'| 'RemoveDefault'| 'RemoveDepends'| 'addAsset'| 'changeAsset']
,f41509ad0d
1,,Tags = ['AddedMapping'| 'Addedbuild'| 'Addedifdef'| 'ModifyFeature'| 'ModifyMapping'| 'Modifybuild'| 'RemoveDepends'| 'RemoveFeature'| 'RemoveMapping'| 'RemoveSelect'| 'addAsset'| 'changeAsset'| 'removeAsset']
,4fd0376356
1,,Tags = ['AddedDepends'| 'AddedFeature'| 'AddedMapping'| 'AddedSelect'| 'Addedbuild'| 'Addedifdef'| 'ModifyFeature'| 'ModifyMapping'| 'ModifySelect'| 'Modifybuild'| 'NewDefault'| 'NewDepends'| 'NewSelect'| 'RemoveDefault'| 'RemoveDepends'| 'RemoveFeature'| 'RemoveSelect'| 'addAsset'| 'changeAsset'| 'removeAsset']
,7587b5965f
1,,Tags = ['AddedDepends'| 'AddedFeature'| 'AddedMapping'| 'AddedSelect'| 'Addedbuild'| 'Addedifdef'| 'ModifyFeature'| 'ModifyMapping'| 'ModifySelect'| 'Modifybuild'| 'NewDefault'| 'NewDepends'| 'NewSelect'| 'RemoveDepends'| 'RemoveFeature'| 'RemoveSelect'| 'Removebuild'| 'Removeifdef'| 'addAsset'| 'changeAsset'| 'removeAsset']
,5b5bbc20fd
1,,Tags = ['AddedFeature'| 'AddedMapping'| 'Addedbuild'| 'NewDepends'| 'addAsset'| 'changeAsset']
,96518518cc
1,,Tags = ['ModifyFeature'| 'ModifyMapping'| 'addAsset'| 'changeAsset'| 'removeAsset']
,20a69341f2
4,,Tags = ['AddedFeature'| 'AddedMapping'| 'NewDepends'| 'addAsset'| 'changeAsset']
,0ca743a559
,ed683f138b
,9908b4f32f
,5bccae6ec4
1,,Tags = ['AddedDepends'| 'AddedFeature'| 'AddedMapping'| 'NewDepends'| 'addAsset'| 'changeAsset']
,eb31628e37
1,,Tags = ['AddedDepends'| 'AddedFeature'| 'AddedMapping'| 'AddedSelect'| 'Addedbuild'| 'ModifyDepends'| 'ModifyFeature'| 'ModifyMapping'| 'ModifySelect'| 'Modifybuild'| 'NewDefault'| 'NewSelect'| 'RemoveDepends'| 'RemoveFeature'| 'changeAsset'| 'removeAsset']
,426ee9e3bb
2,,Tags = ['Addedbuild'| 'Addedifdef'| 'Modifybuild'| 'Modifyifdef'| 'Removebuild'| 'Removeifdef'| 'addAsset'| 'changeAsset'| 'no-fm-tag-changed'| 'removeAsset']
,1ff9ecf797
,ad5d69899e
1,,Tags = ['RemoveDepends'| 'no-am-tag-changed'| 'no-ck-tag-changed']
,fcd70b4b08
1,,Tags = ['AddedDepends'| 'ModifySelect'| 'no-am-tag-changed'| 'no-ck-tag-changed']
,d6ae99d04e
4,,Tags = ['AddedMapping'| 'Addedbuild'| 'Modifybuild'| 'RemoveMapping'| 'changeAsset'| 'no-fm-tag-changed']
,4102adab91
,0e95c69bde
,ecf1f01432
,70fdcb83db
2,,Tags = ['ModifyMapping'| 'RemoveFeature'| 'RemoveMapping'| 'RemoveSelect'| 'Removebuild'| 'changeAsset']
,3bc28ab6da
,6ddee424fe
4,,Tags = ['AddedFeature'| 'NewDefault'| 'NewDepends'| 'changeAsset'| 'no-ck-tag-changed']
,8eaede49df
,89f927af7f
,cd3fadece2
,c224b76b56
3,,Tags = ['ModifySelect'| 'changeAsset'| 'no-ck-tag-changed']
,f1468a2077
,79c74ecbeb
,033dbbdec3
1,,Tags = ['AddedDepends'| 'changeAsset'| 'no-ck-tag-changed'| 'removeAsset']
,f9b1e013f1
2,,Tags = ['AddedFeature'| 'Addedbuild'| 'NewDefault'| 'NewDepends'| 'RemoveMapping'| 'changeAsset']
,1ce3c48e6c
,80b1ce5780
2,,Tags = ['AddedDepends'| 'AddedFeature'| 'AddedMenu'| 'Addedbuild'| 'NewDepends'| 'NewSelect'| 'addAsset'| 'changeAsset']
,9f96da4dd2
,5cda73b68e
1,,Tags = ['Removebuild'| 'addAsset'| 'changeAsset'| 'no-fm-tag-changed'| 'removeAsset']
,d7a20c8640
1,,Tags = ['AddedDepends'| 'AddedFeature'| 'ModifyDepends'| 'ModifyMapping'| 'Modifybuild'| 'NewSelect'| 'RemoveMapping'| 'changeAsset'| 'removeAsset']
,751bfe3e55
2,,Tags = ['AddedMapping'| 'Addedbuild'| 'changeAsset'| 'no-fm-tag-changed']
,066212e02a
,9ba64fe3eb
1,,Tags = ['ModifyFeature'| 'ModifySelect'| 'changeAsset'| 'no-ck-tag-changed']
,7aa79938f7
1,,Tags = ['AddedFeature'| 'AddedMapping'| 'AddedSelect'| 'Addedbuild'| 'Addedifdef'| 'Modifybuild'| 'NewSelect'| 'changeAsset']
,9975f5e369
1,,Tags = ['AddedDepends'| 'AddedFeature'| 'AddedMapping'| 'Addedbuild'| 'NewDepends'| 'addAsset'| 'changeAsset']
,da33edcceb
1,,Tags = ['AddedSelect'| 'ModifyDepends'| 'RemoveMapping'| 'changeAsset'| 'removeAsset']
,cb1110ca79
1,,Tags = ['ModifySelect'| 'Removebuild'| 'changeAsset'| 'removeAsset']
,b25a51cb16
1,,Tags = ['AddedMapping'| 'Addedbuild'| 'ModifyDepends'| 'ModifyMapping'| 'Modifybuild'| 'changeAsset']
,2ba9f0d887
1,,Tags = ['AddedFeature'| 'Addedbuild'| 'NewDepends'| 'RemoveDepends'| 'RemoveFeature'| 'RemoveMapping'| 'addAsset'| 'removeAsset']
,a230869817
1,,Tags = ['AddedMapping'| 'Addedbuild'| 'ModifyMapping'| 'Modifybuild'| 'changeAsset'| 'no-fm-tag-changed']
,05454c26eb
2,,Tags = ['Addedbuild'| 'ModifyMapping'| 'Modifybuild'| 'addAsset'| 'changeAsset'| 'no-fm-tag-changed']
,40a96d54ee
,a81bddde96
4,,Tags = ['AddedDepends'| 'AddedFeature'| 'AddedMapping'| 'AddedSelect'| 'Addedbuild'| 'Addedifdef'| 'ModifyDepends'| 'ModifyFeature'| 'ModifyMapping'| 'ModifySelect'| 'Modifybuild'| 'NewDefault'| 'NewDepends'| 'NewSelect'| 'RemoveDepends'| 'RemoveFeature'| 'RemoveMapping'| 'RemoveSelect'| 'addAsset'| 'changeAsset'| 'removeAsset']
,13acfd5715
,6913a9dbf1
,bb51eeee5a
,86e0a0bdf8
2,,Tags = ['AddedFeature'| 'AddedMapping'| 'AddedSelect'| 'Addedbuild'| 'NewSelect'| 'addAsset'| 'changeAsset']
,82fbb4f7b4
,861e66d341
2,,Tags = ['ModifySelect'| 'RemoveSelect'| 'changeAsset'| 'no-ck-tag-changed']
,80a18f5043
,beb5bfe424
1,,Tags = ['AddedDepends'| 'Addedbuild'| 'ModifyDepends'| 'ModifyFeature'| 'Modifybuild'| 'RemoveDefault'| 'RemoveDepends'| 'RemoveFeature'| 'RemoveMapping'| 'RemoveSelect'| 'addAsset'| 'changeAsset'| 'removeAsset']
,ee4383e0c1
5,,Tags = ['AddedDepends'| 'AddedFeature'| 'NewDefault'| 'NewDepends'| 'changeAsset'| 'no-ck-tag-changed']
,70fea60d88
,94e7876daa
,585b691e21
,6e0ca95aa3
,56edff7529
1,,Tags = ['AddedFeature'| 'Addedbuild'| 'NewDepends'| 'NewSelect'| 'addAsset'| 'changeAsset']
,9aaf0435b4
1,,Tags = ['AddedFeature'| 'AddedMapping'| 'AddedSelect'| 'Addedbuild'| 'NewDefault'| 'NewDepends'| 'NewSelect'| 'addAsset'| 'changeAsset']
,df3c2adea4
2,,Tags = ['Addedbuild'| 'Modifybuild'| 'Removebuild'| 'changeAsset'| 'no-fm-tag-changed']
,ad40d3da1e
,908bfda754
1,,Tags = ['AddedDepends'| 'AddedFeature'| 'AddedMapping'| 'AddedSelect'| 'ModifyDepends'| 'ModifySelect'| 'NewSelect'| 'addAsset'| 'changeAsset']
,fe7ef7c60c
1,,Tags = ['AddedFeature'| 'AddedSelect'| 'NewSelect'| 'changeAsset'| 'no-ck-tag-changed']
,7394447505
1,,Tags = ['AddedFeature'| 'AddedMapping'| 'ModifyDepends'| 'NewDepends'| 'NewSelect'| 'addAsset'| 'changeAsset']
,2ef9d838e4
2,,Tags = ['AddedDepends'| 'AddedFeature'| 'AddedMapping'| 'AddedSelect'| 'Addedbuild'| 'ModifyDepends'| 'ModifyFeature'| 'ModifyMapping'| 'ModifySelect'| 'Modifybuild'| 'NewDefault'| 'NewSelect'| 'RemoveDepends'| 'RemoveFeature'| 'RemoveMapping'| 'changeAsset'| 'removeAsset']
,dfc568e6bc
,a7204d72db
3,,Tags = ['AddedDepends'| 'Addedbuild'| 'ModifyDepends'| 'ModifySelect'| 'Modifybuild'| 'RemoveDepends'| 'RemoveFeature'| 'RemoveMapping'| 'changeAsset'| 'removeAsset']
,f7a0fd56e4
,5584cfbafc
,b41fb43911
1,,Tags = ['AddedSelect'| 'ModifySelect'| 'no-am-tag-changed'| 'no-ck-tag-changed']
,da2f5f4852
1,,Tags = ['ModifyMapping'| 'ModifySelect'| 'RemoveDefault'| 'RemoveDepends'| 'RemoveFeature'| 'RemoveSelect'| 'no-am-tag-changed']
,ae3c5d74ea
2,,Tags = ['AddedDefault'| 'AddedFeature'| 'NewDepends'| 'addAsset'| 'no-ck-tag-changed']
,c7c3eac627
,494e492dd8
1,,Tags = ['AddedDepends'| 'AddedFeature'| 'AddedMapping'| 'AddedMenu'| 'AddedSelect'| 'Addedbuild'| 'NewDefault'| 'NewDepends'| 'NewSelect'| 'addAsset'| 'changeAsset']
,5e4e3ba997
1,,Tags = ['AddedDepends'| 'AddedFeature'| 'AddedMapping'| 'AddedSelect'| 'Addedbuild'| 'ModifyDepends'| 'ModifyFeature'| 'ModifySelect'| 'Modifybuild'| 'NewDefault'| 'NewDepends'| 'NewSelect'| 'RemoveDepends'| 'RemoveFeature'| 'RemoveMapping'| 'changeAsset'| 'removeAsset']
,c3fa32b976
1,,Tags = ['AddedMapping'| 'Addedbuild'| 'ModifyMapping'| 'addAsset'| 'changeAsset'| 'no-fm-tag-changed']
,c963c6193a
1,,Tags = ['AddedMapping'| 'AddedSelect'| 'Addedbuild'| 'Addedifdef'| 'addAsset'| 'changeAsset']
,901e7e34f8
1,,Tags = ['AddedDefault'| 'AddedFeature'| 'AddedMapping'| 'NewDepends'| 'addAsset']
,aa11a358f8
2,,Tags = ['AddedDepends'| 'AddedFeature'| 'AddedMapping'| 'AddedSelect'| 'ModifyDepends'| 'NewSelect'| 'addAsset'| 'changeAsset']
,cf44fba089
,ac97d4e00a
1,,Tags = ['AddedDepends'| 'AddedFeature'| 'AddedMapping'| 'AddedSelect'| 'Addedbuild'| 'ModifyMapping'| 'NewDepends'| 'NewSelect'| 'addAsset'| 'changeAsset']
,5328f35b15
1,,Tags = ['AddedSelect'| 'Modifybuild'| 'addAsset'| 'changeAsset'| 'removeAsset']
,746479cdcb
1,,Tags = ['AddedFeature'| 'AddedSelect'| 'Addedbuild'| 'Addedifdef'| 'ModifySelect'| 'NewSelect'| 'changeAsset'| 'removeAsset']
,4dcf03346a
1,,Tags = ['AddedFeature'| 'AddedMapping'| 'AddedSelect'| 'Addedbuild'| 'ModifyMenu'| 'Modifybuild'| 'NewDefault'| 'NewDepends'| 'NewSelect'| 'RemoveDepends'| 'RemoveFeature'| 'RemoveSelect'| 'changeAsset']
,be51e4a781
1,,Tags = ['ModifyDepends'| 'addAsset'| 'changeAsset'| 'no-ck-tag-changed']
,8211e6b8fa
1,,Tags = ['ModifyMapping'| 'changeAsset'| 'no-fm-tag-changed'| 'removeAsset']
,00ef54bb97
3,,Tags = ['AddedDepends'| 'AddedFeature'| 'AddedMapping'| 'NewDefault'| 'addAsset'| 'changeAsset']
,d69525789e
,13509c3a9d
,4b3db708b1
1,,Tags = ['AddedDefault'| 'AddedFeature'| 'NewDefault'| 'NewDepends'| 'changeAsset'| 'no-ck-tag-changed']
,4286587dcc
1,,Tags = ['AddedDefault'| 'AddedDepends'| 'AddedFeature'| 'NewDefault'| 'NewDepends'| 'changeAsset'| 'no-ck-tag-changed']
,e7a2ad7eb6
4,,Tags = ['AddedFeature'| 'AddedMapping'| 'NewDepends'| 'NewSelect'| 'addAsset'| 'changeAsset']
,5088451962
,de91a3789d
,5cf0eb9875
,76ae076f99
1,,Tags = ['AddedDepends'| 'ModifyMapping'| 'ModifySelect'| 'RemoveDefault'| 'RemoveDepends'| 'RemoveFeature'| 'RemoveSelect'| 'changeAsset']
,6251c156a6
1,,Tags = ['AddedDepends'| 'AddedFeature'| 'AddedMapping'| 'AddedSelect'| 'Addedbuild'| 'Addedifdef'| 'ModifyMapping'| 'ModifySelect'| 'Modifybuild'| 'NewDepends'| 'NewSelect'| 'RemoveDepends'| 'RemoveFeature'| 'RemoveSelect'| 'addAsset'| 'changeAsset']
,3316dee245
1,,Tags = ['ModifyFeature'| 'RemoveDepends'| 'RemoveFeature'| 'RemoveMapping'| 'changeAsset'| 'removeAsset']
,8e32e47dbb
1,,Tags = ['AddedFeature'| 'AddedMenu'| 'Addedbuild'| 'NewDefault'| 'NewDepends'| 'addAsset'| 'changeAsset']
,ce6bceabae
1,,Tags = ['AddedDepends'| 'AddedFeature'| 'AddedMapping'| 'ModifyDepends'| 'ModifySelect'| 'Modifybuild'| 'NewDefault'| 'RemoveMapping'| 'changeAsset']
,1773232eec
1,,Tags = ['ModifyMapping'| 'RemoveFeature'| 'RemoveMapping'| 'RemoveSelect'| 'Removebuild'| 'addAsset'| 'changeAsset'| 'removeAsset']
,93658cb859
2,,Tags = ['ModifySelect'| 'RemoveSelect'| 'changeAsset'| 'no-ck-tag-changed'| 'removeAsset']
,e086df92e2
,42cbe8271c
1,,Tags = ['addAsset'| 'no-ck-tag-changed'| 'no-fm-tag-changed']
,826f57b497
1,,Tags = ['AddedDefault'| 'AddedFeature'| 'AddedMapping'| 'AddedSelect'| 'Addedbuild'| 'NewDepends'| 'addAsset'| 'changeAsset']
,b6fb5474af
3,,Tags = ['AddedFeature'| 'Addedbuild'| 'ModifyDefault'| 'addAsset'| 'changeAsset']
,a01779f89f
,04bc9ac163
,4fc9ed3344
1,,Tags = ['AddedDepends'| 'AddedFeature'| 'AddedMapping'| 'AddedSelect'| 'Addedbuild'| 'NewDefault'| 'NewDepends'| 'NewSelect'| 'addAsset'| 'changeAsset']
,4571912743
3,,Tags = ['AddedDepends'| 'AddedFeature'| 'AddedMapping'| 'NewSelect'| 'addAsset'| 'changeAsset']
,72548e836b
,88392e9dd5
,69019d77c7
1,,Tags = ['AddedFeature'| 'AddedSelect'| 'Modifybuild'| 'Removebuild'| 'changeAsset'| 'removeAsset']
,512e267f35
1,,Tags = ['RemoveDepends'| 'RemoveFeature'| 'RemoveSelect'| 'changeAsset'| 'no-ck-tag-changed']
,9e0967572e
1,,Tags = ['AddedFeature'| 'AddedSelect'| 'NewDepends'| 'NewSelect'| 'changeAsset'| 'no-ck-tag-changed']
,3c8828f6a0
1,,Tags = ['RemoveDefault'| 'RemoveDepends'| 'RemoveFeature'| 'no-am-tag-changed'| 'no-ck-tag-changed']
,49649cad34
1,,Tags = ['AddedDepends'| 'AddedFeature'| 'ModifySelect'| 'Modifybuild'| 'NewDepends'| 'NewSelect'| 'RemoveDepends'| 'RemoveFeature'| 'RemoveMapping'| 'changeAsset'| 'removeAsset']
,aac898548d
1,,Tags = ['AddedFeature'| 'AddedMapping'| 'NewSelect'| 'addAsset'| 'changeAsset']
,7d1d65cb84
1,,Tags = ['ModifyDepends'| 'ModifyFeature'| 'no-am-tag-changed'| 'no-ck-tag-changed']
,b69ac52449
1,,Tags = ['AddedSelect'| 'Addedbuild'| 'Addedifdef'| 'changeAsset']
,4e23eb631c
1,,Tags = ['AddedSelect'| 'Addedbuild'| 'changeAsset']
,31c4867d6c
1,,Tags = ['AddedFeature'| 'AddedMapping'| 'NewDefault'| 'NewDepends'| 'addAsset'| 'changeAsset']
,7cd93b8935
1,,Tags = ['AddedDepends'| 'AddedFeature'| 'ModifyMapping'| 'changeAsset']
,badb923898
2,,Tags = ['RemoveFeature'| 'no-am-tag-changed'| 'no-ck-tag-changed']
,b2c32b32a2
,2d3c627502
1,,Tags = ['AddedFeature'| 'AddedMapping'| 'AddedSelect'| 'ModifyMapping'| 'NewSelect'| 'changeAsset']
,f7cd2d835e
1,,Tags = ['ModifyDepends'| 'Modifybuild'| 'RemoveDepends'| 'RemoveFeature'| 'RemoveSelect'| 'Removebuild'| 'addAsset'| 'changeAsset'| 'removeAsset']
,2f29e3a561
1,,Tags = ['AddedDepends'| 'AddedFeature'| 'AddedMapping'| 'Addedbuild'| 'ModifyDepends'| 'Modifybuild'| 'NewDefault'| 'changeAsset']
,313ea293e9
1,,Tags = ['AddedDepends'| 'AddedFeature'| 'AddedSelect'| 'ModifyMapping'| 'changeAsset']
,6216650a7a
2,,Tags = ['AddedMapping'| 'Addedbuild'| 'addAsset'| 'changeAsset'| 'no-fm-tag-changed']
,ef1313deaf
,7e1a1e9378
1,,Tags = ['AddedFeature'| 'AddedSelect'| 'Modifybuild'| 'addAsset'| 'changeAsset']
,ec53500fae
1,,Tags = ['AddedDepends'| 'AddedFeature'| 'AddedMapping'| 'AddedSelect'| 'Addedbuild'| 'ModifyFeature'| 'ModifyMapping'| 'ModifySelect'| 'Modifybuild'| 'NewDefault'| 'NewSelect'| 'RemoveDefault'| 'RemoveDepends'| 'RemoveFeature'| 'addAsset'| 'changeAsset'| 'removeAsset']
,2098990e7c
5,,Tags = ['AddedSelect'| 'NewSelect'| 'no-am-tag-changed'| 'no-ck-tag-changed']
,c6dd1ef8f8
,50619cb173
,089b54bd69
,5fa4061301
,0b3f575397
1,,Tags = ['AddedFeature'| 'AddedMapping'| 'Addedbuild'| 'NewDefault'| 'no-am-tag-changed']
,1db9e0513d
1,,Tags = ['AddedDepends'| 'AddedFeature'| 'AddedMenu'| 'Addedbuild'| 'ModifyMenu'| 'NewSelect'| 'Removebuild'| 'changeAsset']
,dee8268f8f
1,,Tags = ['AddedDepends'| 'AddedFeature'| 'AddedMapping'| 'addAsset']
,4efc52a9c2
2,,Tags = ['AddedDepends'| 'AddedFeature'| 'NewDefault'| 'changeAsset'| 'no-ck-tag-changed']
,217091dd7a
,3d035f5806
1,,Tags = ['AddedDepends'| 'AddedFeature'| 'ModifyDepends'| 'ModifySelect'| 'Modifybuild'| 'NewDepends'| 'NewSelect'| 'RemoveDepends'| 'RemoveFeature'| 'RemoveMapping'| 'changeAsset'| 'removeAsset']
,fb10d5b7ef
2,,Tags = ['AddedFeature'| 'Modifybuild'| 'NewDepends'| 'NewSelect'| 'changeAsset']
,ca89bc248e
,ebfe1068f9
1,,Tags = ['AddedFeature'| 'AddedMenu'| 'Addedbuild'| 'addAsset'| 'changeAsset']
,f421436a59
3,,Tags = ['ModifyDepends'| 'Modifybuild'| 'changeAsset']
,2a3ede8cb2
,394efd19d5
,164777530b
2,,Tags = ['AddedDepends'| 'AddedFeature'| 'AddedMapping'| 'AddedSelect'| 'Addedbuild'| 'Addedifdef'| 'ModifyFeature'| 'ModifyMapping'| 'Modifybuild'| 'NewSelect'| 'addAsset'| 'changeAsset']
,95f328d3ad
,f080480488
2,,Tags = ['AddedDepends'| 'AddedFeature'| 'AddedMapping'| 'AddedSelect'| 'Addedbuild'| 'ModifyDepends'| 'Modifybuild'| 'NewDefault'| 'NewDepends'| 'NewSelect'| 'Removebuild'| 'addAsset'| 'changeAsset']
,87bc0728d4
,cfce0a2b61
2,,Tags = ['AddedDepends'| 'AddedFeature'| 'AddedMapping'| 'AddedSelect'| 'Addedbuild'| 'ModifyDepends'| 'ModifyFeature'| 'ModifyMapping'| 'ModifySelect'| 'Modifybuild'| 'NewDefault'| 'NewDepends'| 'NewSelect'| 'RemoveDepends'| 'RemoveFeature'| 'RemoveMapping'| 'changeAsset'| 'removeAsset']
,7f16e5c141
,91915260ea
1,,Tags = ['Addedbuild'| 'Addedifdef'| 'Modifybuild'| 'addAsset'| 'changeAsset'| 'no-fm-tag-changed']
,87419c9aff
6,,Tags = ['ModifyFeature'| 'RemoveDepends'| 'RemoveFeature'| 'changeAsset'| 'no-ck-tag-changed']
,83fa6bbe4c
,69ad5da41b
,b4fdf52b3f
,1ea406c0e0
,3eaded86ac
,751d17e23a
1,,Tags = ['Modifybuild'| 'addAsset'| 'changeAsset'| 'no-fm-tag-changed'| 'removeAsset']
,4299a54997
3,,Tags = ['AddedDepends'| 'AddedFeature'| 'AddedSelect'| 'NewDepends'| 'changeAsset'| 'no-ck-tag-changed']
,353c78152c
,c1f3bb6bd3
,74ecd3d1dd
1,,Tags = ['AddedDepends'| 'AddedFeature'| 'AddedMenu'| 'Addedbuild'| 'ModifyMenu'| 'NewSelect'| 'Removebuild'| 'addAsset'| 'changeAsset'| 'removeAsset']
,90c37067b7
1,,Tags = ['Addedbuild'| 'Addedifdef'| 'Modifybuild'| 'addAsset'| 'changeAsset'| 'no-fm-tag-changed'| 'removeAsset']
,83bf9702c8
1,,Tags = ['AddedDepends'| 'AddedFeature'| 'AddedMapping'| 'AddedSelect'| 'Addedbuild'| 'Addedifdef'| 'ModifyDefault'| 'ModifyDepends'| 'ModifyFeature'| 'ModifyMapping'| 'ModifySelect'| 'Modifybuild'| 'NewDefault'| 'NewDepends'| 'NewSelect'| 'RemoveDepends'| 'RemoveFeature'| 'RemoveMapping'| 'RemoveSelect'| 'addAsset'| 'changeAsset'| 'removeAsset']
,97c53b402f
2,,Tags = ['AddedMapping'| 'Addedbuild'| 'Modifybuild'| 'addAsset'| 'changeAsset'| 'no-fm-tag-changed']
,c90423d1de
,39cf275a1a
1,,Tags = ['AddedMapping'| 'Addedbuild'| 'Addedifdef'| 'Modifybuild'| 'RemoveMapping'| 'Removebuild'| 'changeAsset'| 'no-fm-tag-changed']
,01768b42dc
1,,Tags = ['AddedMapping'| 'Addedbuild'| 'Addedifdef'| 'RemoveMapping'| 'Removebuild'| 'Removeifdef'| 'changeAsset'| 'no-fm-tag-changed']
,8eddac3f10
2,,Tags = ['AddedMapping'| 'RemoveMapping'| 'changeAsset'| 'no-fm-tag-changed']
,60fc28746a
,1696a8bee3
2,,Tags = ['ModifyDefault'| 'no-am-tag-changed'| 'no-ck-tag-changed']
,b53b5eda81
,8c2fabc654
1,,Tags = ['RemoveDefault'| 'RemoveDepends'| 'RemoveFeature'| 'changeAsset'| 'no-ck-tag-changed']
,edf6844ebf
1,,Tags = ['AddedMapping'| 'Modifybuild'| 'RemoveMapping'| 'changeAsset'| 'no-fm-tag-changed']
,ed428bfc3c
1,,Tags = ['AddedMapping'| 'ModifyMapping'| 'RemoveMapping'| 'changeAsset'| 'no-fm-tag-changed']
,32cf7c3c94
2,,Tags = ['RemoveSelect'| 'no-am-tag-changed'| 'no-ck-tag-changed']
,a2b4f8a473
,8820784203
1,,Tags = ['RemoveDepends'| 'RemoveFeature'| 'no-am-tag-changed'| 'no-ck-tag-changed']
,61c77e0802
3,,Tags = ['ModifyFeature'| 'RemoveDefault'| 'RemoveDepends'| 'RemoveFeature'| 'changeAsset'| 'no-ck-tag-changed']
,ddba7c5ad7
,6c0514ddd9
,34ef7bd382
1,,Tags = ['ModifyFeature'| 'RemoveDefault'| 'RemoveDepends'| 'RemoveFeature'| 'RemoveSelect'| 'no-am-tag-changed'| 'no-ck-tag-changed']
,90c9c955db
1,,Tags = ['AddedDepends'| 'AddedFeature'| 'AddedMapping'| 'AddedMenu'| 'AddedSelect'| 'Addedbuild'| 'ModifyDepends'| 'ModifyFeature'| 'ModifyMapping'| 'ModifySelect'| 'NewDefault'| 'NewDepends'| 'NewSelect'| 'RemoveDepends'| 'RemoveFeature'| 'RemoveMapping'| 'RemoveSelect'| 'addAsset'| 'changeAsset'| 'removeAsset']
,c287322c3a
4,,Tags = ['RemoveDefault'| 'RemoveFeature'| 'changeAsset'| 'no-ck-tag-changed']
,7f15a256b5
,4c47cb197e
,eb64821243
,82023bb7f7
1,,Tags = ['AddedDepends'| 'AddedFeature'| 'AddedMapping'| 'AddedMenu'| 'Addedbuild'| 'Addedifdef'| 'NewDefault'| 'NewSelect'| 'addAsset'| 'changeAsset']
,1071ec7bc2
1,,Tags = ['AddedDepends'| 'AddedFeature'| 'AddedMapping'| 'AddedSelect'| 'Addedbuild'| 'ModifyDepends'| 'ModifyFeature'| 'ModifyMapping'| 'ModifySelect'| 'Modifybuild'| 'NewDefault'| 'NewSelect'| 'RemoveDepends'| 'RemoveFeature'| 'addAsset'| 'changeAsset'| 'removeAsset']
,b5480950c6
2,,Tags = ['Modifybuild'| 'Removebuild'| 'addAsset'| 'changeAsset'| 'no-fm-tag-changed'| 'removeAsset']
,0324e74534
,b9ed919f1c
1,,Tags = ['AddedDepends'| 'AddedFeature'| 'AddedMapping'| 'AddedMenu'| 'AddedSelect'| 'Addedbuild'| 'ModifyDepends'| 'ModifyMapping'| 'ModifySelect'| 'Modifybuild'| 'NewDepends'| 'NewSelect'| 'RemoveDepends'| 'RemoveSelect'| 'Removebuild'| 'addAsset'| 'changeAsset'| 'removeAsset']
,0b1e73ed22
1,,Tags = ['AddedFeature'| 'AddedMapping'| 'AddedSelect'| 'ModifyMapping'| 'NewDepends'| 'NewSelect'| 'addAsset'| 'changeAsset']
,15d4cb9013
2,,Tags = ['AddedDepends'| 'AddedFeature'| 'AddedMapping'| 'addAsset'| 'changeAsset']
,527973c840
,a709bd585f
1,,Tags = ['AddedFeature'| 'AddedMapping'| 'AddedSelect'| 'Addedbuild'| 'ModifyMapping'| 'Modifybuild'| 'NewDefault'| 'addAsset'| 'changeAsset'| 'removeAsset']
,280c84d1c1
1,,Tags = ['AddedFeature'| 'AddedMapping'| 'Addedbuild'| 'Addedifdef'| 'NewDefault'| 'NewDepends'| 'RemoveFeature'| 'RemoveMapping'| 'RemoveSelect'| 'addAsset'| 'changeAsset'| 'removeAsset']
,3ae423fe47
2,,Tags = ['AddedFeature'| 'AddedMapping'| 'Addedbuild'| 'Modifybuild'| 'addAsset'| 'changeAsset']
,e37459b8e2
,0910c0bdf7
3,,Tags = ['RemoveSelect'| 'changeAsset'| 'no-ck-tag-changed']
,9686e4b2a8
,d80512f874
,b479667923
1,,Tags = ['AddedDepends'| 'AddedFeature'| 'AddedMapping'| 'AddedSelect'| 'Addedbuild'| 'ModifyDepends'| 'ModifyFeature'| 'ModifyMapping'| 'ModifySelect'| 'Modifybuild'| 'NewDefault'| 'NewDepends'| 'NewSelect'| 'RemoveDepends'| 'RemoveFeature'| 'RemoveSelect'| 'changeAsset'| 'removeAsset']
,bad97817de
1,,Tags = ['Addedbuild'| 'addAsset'| 'changeAsset'| 'no-fm-tag-changed'| 'removeAsset']
,4a15cdffa9
1,,Tags = ['ModifyDepends'| 'Modifybuild'| 'RemoveSelect'| 'changeAsset']
,a6bc732b5a
1,,Tags = ['AddedDepends'| 'ModifyFeature'| 'ModifySelect'| 'no-am-tag-changed'| 'no-ck-tag-changed']
,5442851edb
1,,Tags = ['AddedFeature'| 'NewDepends'| 'NewSelect'| 'changeAsset'| 'no-ck-tag-changed']
,a08c22c0df
2,,Tags = ['AddedFeature'| 'NewDefault'| 'changeAsset'| 'no-ck-tag-changed']
,a6a9c0f1bf
,75ecab1df1
1,,Tags = ['AddedDepends'| 'AddedFeature'| 'AddedSelect'| 'Addedbuild'| 'Addedifdef'| 'ModifyMapping'| 'Modifybuild'| 'addAsset'| 'changeAsset'| 'removeAsset']
,05ad391dbc
1,,Tags = ['AddedDepends'| 'AddedFeature'| 'ModifyDefault'| 'ModifyDepends'| 'ModifyMapping'| 'ModifySelect'| 'Modifybuild'| 'NewSelect'| 'RemoveDefault'| 'RemoveDepends'| 'RemoveFeature'| 'RemoveMapping'| 'RemoveSelect'| 'Removebuild'| 'Removeifdef'| 'addAsset'| 'changeAsset'| 'removeAsset']
,21604cdcdc
1,,Tags = ['AddedDefault'| 'AddedDepends'| 'AddedFeature'| 'AddedMapping'| 'AddedSelect'| 'Addedbuild'| 'Addedifdef'| 'ModifyDepends'| 'ModifyMapping'| 'ModifySelect'| 'Modifybuild'| 'NewDepends'| 'NewSelect'| 'RemoveMapping'| 'RemoveSelect'| 'Removebuild'| 'Removeifdef'| 'addAsset'| 'changeAsset'| 'removeAsset']
,aac59e3efc
1,,Tags = ['AddedSelect'| 'Addedbuild'| 'Addedifdef'| 'ModifyFeature'| 'Modifybuild'| 'RemoveFeature'| 'RemoveSelect'| 'Removebuild'| 'Removeifdef'| 'addAsset'| 'changeAsset'| 'removeAsset']
,d5aabbcaee
1,,Tags = ['AddedDepends'| 'AddedFeature'| 'AddedMapping'| 'AddedSelect'| 'ModifyDepends'| 'ModifySelect'| 'NewSelect'| 'RemoveSelect'| 'addAsset'| 'changeAsset'| 'removeAsset']
,53575aa99d
1,,Tags = ['AddedFeature'| 'AddedMapping'| 'AddedSelect'| 'Addedbuild'| 'ModifyMapping'| 'Modifybuild'| 'NewSelect'| 'RemoveDefault'| 'RemoveDepends'| 'RemoveFeature'| 'RemoveMapping'| 'RemoveSelect'| 'Removebuild'| 'addAsset'| 'changeAsset'| 'removeAsset']
,f9efbce633
1,,Tags = ['AddedDepends'| 'AddedFeature'| 'AddedMapping'| 'Addedbuild'| 'Modifybuild'| 'addAsset'| 'changeAsset']
,78d4a42069
1,,Tags = ['AddedDepends'| 'AddedFeature'| 'changeAsset'| 'no-ck-tag-changed']
,edae583a6d
1,,Tags = ['AddedFeature'| 'AddedSelect'| 'changeAsset'| 'no-ck-tag-changed'| 'removeAsset']
,1006fae359
1,,Tags = ['AddedDefault'| 'AddedDepends'| 'AddedFeature'| 'AddedMapping'| 'AddedSelect'| 'ModifyDepends'| 'NewDefault'| 'NewSelect'| 'addAsset'| 'changeAsset']
,87093826aa
1,,Tags = ['AddedDefault'| 'changeAsset'| 'no-ck-tag-changed']
,6df1e7f2e9
1,,Tags = ['AddedDefault'| 'AddedDepends'| 'AddedFeature'| 'AddedSelect'| 'NewSelect'| 'RemoveDefault'| 'RemoveDepends'| 'RemoveFeature'| 'addAsset'| 'changeAsset'| 'no-ck-tag-changed']
,ec1e20a02f
1,,Tags = ['AddedDepends'| 'AddedFeature'| 'AddedMapping'| 'AddedSelect'| 'Addedbuild'| 'Addedifdef'| 'Modifybuild'| 'NewSelect'| 'RemoveDefault'| 'RemoveFeature'| 'addAsset'| 'changeAsset']
,df762eccba
1,,Tags = ['AddedMapping'| 'Addedbuild'| 'Addedifdef'| 'ModifyMapping'| 'Modifybuild'| 'addAsset'| 'changeAsset'| 'no-fm-tag-changed'| 'removeAsset']
,dba538ff56
1,,Tags = ['AddedDepends'| 'AddedFeature'| 'AddedMapping'| 'AddedSelect'| 'Modifybuild'| 'NewDefault'| 'NewSelect'| 'addAsset'| 'changeAsset']
,340286cd4e
1,,Tags = ['AddedDepends'| 'RemoveDefault'| 'RemoveDepends'| 'RemoveFeature'| 'RemoveMapping'| 'Removebuild'| 'changeAsset'| 'removeAsset']
,4b4d2b4634
1,,Tags = ['RemoveDefault'| 'RemoveDepends'| 'RemoveFeature'| 'Removebuild'| 'changeAsset']
,11db81a59d
1,,Tags = ['AddedDepends'| 'AddedFeature'| 'AddedMapping'| 'AddedSelect'| 'Addedbuild'| 'Addedifdef'| 'ModifySelect'| 'Modifybuild'| 'NewDefault'| 'NewDepends'| 'RemoveDepends'| 'RemoveFeature'| 'RemoveSelect'| 'Removebuild'| 'addAsset'| 'changeAsset'| 'removeAsset']
,66a173b926
1,,Tags = ['AddedDefault'| 'AddedDepends'| 'AddedFeature'| 'AddedMapping'| 'Modifybuild'| 'addAsset'| 'changeAsset']
,c6d65bf246
1,,Tags = ['AddedDepends'| 'addAsset'| 'changeAsset'| 'no-ck-tag-changed']
,f095ca6b31
1,,Tags = ['AddedDepends'| 'AddedFeature'| 'AddedMapping'| 'AddedSelect'| 'Addedbuild'| 'ModifyDepends'| 'Modifybuild'| 'NewSelect'| 'RemoveSelect'| 'addAsset'| 'changeAsset']
,eeab517b68
1,,Tags = ['AddedDepends'| 'AddedFeature'| 'AddedMapping'| 'AddedSelect'| 'Addedbuild'| 'Modifybuild'| 'NewDepends'| 'NewSelect'| 'addAsset'| 'changeAsset']
,8a5dc585d5
1,,Tags = ['AddedDepends'| 'AddedFeature'| 'AddedMapping'| 'ModifyDepends'| 'ModifyFeature'| 'RemoveMapping'| 'RemoveSelect'| 'addAsset'| 'changeAsset'| 'removeAsset']
,c2d3306991
1,,Tags = ['AddedDepends'| 'AddedFeature'| 'AddedMapping'| 'Addedbuild'| 'NewDefault'| 'NewDepends'| 'addAsset'| 'changeAsset']
,2b684c073f
1,,Tags = ['NewDepends'| 'addAsset'| 'changeAsset'| 'no-ck-tag-changed'| 'removeAsset']
,10d0c9705e
1,,Tags = ['ModifyFeature'| 'ModifyMapping'| 'addAsset'| 'removeAsset']
,28e64a68a2
1,,Tags = ['AddedFeature'| 'AddedMapping'| 'Addedbuild'| 'Addedifdef'| 'ModifyMapping'| 'NewDefault'| 'NewDepends'| 'changeAsset']
,17c568d60a
1,,Tags = ['AddedDepends'| 'AddedFeature'| 'AddedMapping'| 'Addedbuild'| 'Addedifdef'| 'ModifyFeature'| 'ModifyMapping'| 'Modifybuild'| 'NewDefault'| 'NewDepends'| 'addAsset'| 'changeAsset'| 'removeAsset']
,5cbb3d216e
1,,Tags = ['AddedDepends'| 'AddedFeature'| 'AddedMapping'| 'AddedMenu'| 'AddedSelect'| 'Addedbuild'| 'ModifyDepends'| 'Modifybuild'| 'NewDefault'| 'NewDepends'| 'NewSelect'| 'RemoveFeature'| 'Removebuild'| 'addAsset'| 'changeAsset'| 'removeAsset']
,42a2d923cc
1,,Tags = ['AddedDefault'| 'AddedDepends'| 'AddedFeature'| 'AddedMapping'| 'AddedMenu'| 'AddedSelect'| 'Addedbuild'| 'Addedifdef'| 'ModifyDefault'| 'ModifyDepends'| 'ModifyFeature'| 'ModifyMapping'| 'ModifySelect'| 'Modifybuild'| 'NewDefault'| 'NewDepends'| 'NewSelect'| 'RemoveDefault'| 'RemoveDepends'| 'RemoveFeature'| 'RemoveMapping'| 'RemoveSelect'| 'Removebuild'| 'addAsset'| 'changeAsset'| 'removeAsset']
,555a098af6
1,,Tags = ['AddedDepends'| 'AddedFeature'| 'AddedMapping'| 'Addedbuild'| 'RemoveDepends'| 'RemoveFeature'| 'addAsset'| 'changeAsset']
,1355b37f11
1,,Tags = ['AddedDefault'| 'AddedDepends'| 'AddedFeature'| 'AddedMapping'| 'AddedSelect'| 'Addedbuild'| 'Addedifdef'| 'ModifySelect'| 'Modifybuild'| 'NewSelect'| 'RemoveDefault'| 'RemoveFeature'| 'addAsset'| 'changeAsset'| 'removeAsset']
,f47671e2d8
1,,Tags = ['AddedDepends'| 'AddedFeature'| 'AddedMapping'| 'Addedbuild'| 'addAsset'| 'changeAsset']
,5eea9be8b2
1,,Tags = ['ModifyFeature'| 'RemoveDefault'| 'RemoveDepends'| 'RemoveFeature'| 'RemoveSelect'| 'changeAsset'| 'no-ck-tag-changed']
,82cb6acea4
1,,Tags = ['AddedDepends'| 'ModifyFeature'| 'ModifySelect'| 'changeAsset'| 'no-ck-tag-changed']
,7f2dc5c4bc
1,,Tags = ['AddedDepends'| 'AddedFeature'| 'AddedMapping'| 'AddedMenu'| 'AddedSelect'| 'Addedbuild'| 'ModifyDepends'| 'ModifyMapping'| 'ModifySelect'| 'Modifybuild'| 'NewDefault'| 'NewDepends'| 'NewSelect'| 'RemoveDepends'| 'RemoveFeature'| 'RemoveMapping'| 'RemoveSelect'| 'Removebuild'| 'addAsset'| 'changeAsset'| 'removeAsset']
,f9300eaaac
1,,Tags = ['AddedDepends'| 'AddedFeature'| 'AddedMapping'| 'AddedSelect'| 'NewDepends'| 'NewSelect'| 'addAsset'| 'changeAsset']
,2f466d33f5
1,,Tags = ['AddedFeature'| 'AddedSelect'| 'Addedbuild'| 'ModifyMapping'| 'NewDepends'| 'addAsset'| 'changeAsset'| 'removeAsset']
,f0d55cc1a6
1,,Tags = ['AddedMapping'| 'Addedbuild'| 'Addedifdef'| 'Modifybuild'| 'RemoveMapping'| 'Removebuild'| 'Removeifdef'| 'changeAsset'| 'no-fm-tag-changed']
,5e30025a31
1,,Tags = ['Addedbuild'| 'Addedifdef'| 'Modifybuild'| 'Modifyifdef'| 'changeAsset'| 'no-fm-tag-changed']
,e310718d0e
1,,Tags = ['Addedbuild'| 'ModifyMapping'| 'addAsset'| 'changeAsset'| 'no-fm-tag-changed'| 'removeAsset']
,3aeb58ab62
1,,Tags = ['AddedDefault'| 'no-am-tag-changed'| 'no-ck-tag-changed']
,e9bb18c7b9
1,,Tags = ['RemoveDefault'| 'addAsset'| 'changeAsset'| 'no-ck-tag-changed']
,49076ec2cc
1,,Tags = ['RemoveFeature'| 'RemoveSelect'| 'changeAsset'| 'no-ck-tag-changed']
,0a06ff068f
1,,Tags = ['AddedDepends'| 'AddedFeature'| 'RemoveDepends'| 'RemoveFeature'| 'RemoveSelect'| 'addAsset'| 'changeAsset'| 'no-ck-tag-changed']
,d8fe4acc88
2,,Tags = ['AddedDepends'| 'AddedFeature'| 'AddedMapping'| 'AddedSelect'| 'ModifyDepends'| 'Modifybuild'| 'NewSelect'| 'addAsset'| 'changeAsset']
,092d405052
,8b880f48ee
1,,Tags = ['AddedFeature'| 'AddedSelect'| 'Modifybuild'| 'NewSelect'| 'RemoveDepends'| 'addAsset'| 'changeAsset']
,eda670c626
1,,Tags = ['AddedMapping'| 'ModifyDepends'| 'addAsset'| 'changeAsset']
,91838e2dab
1,,Tags = ['AddedDepends'| 'AddedFeature'| 'AddedSelect'| 'ModifyFeature'| 'NewSelect'| 'RemoveDefault'| 'RemoveFeature'| 'no-am-tag-changed'| 'no-ck-tag-changed']
,f13399f033
1,,Tags = ['AddedDepends'| 'AddedFeature'| 'AddedMapping'| 'AddedSelect'| 'Addedbuild'| 'ModifyMenu'| 'Modifybuild'| 'NewDefault'| 'NewDepends'| 'NewSelect'| 'RemoveDepends'| 'RemoveFeature'| 'RemoveSelect'| 'Removebuild'| 'Removeifdef'| 'addAsset'| 'changeAsset'| 'removeAsset']
,049ffa8ab3
1,,Tags = ['AddedDefault'| 'AddedDepends'| 'AddedFeature'| 'AddedMapping'| 'AddedSelect'| 'Addedbuild'| 'Addedifdef'| 'ModifyDefault'| 'ModifyDepends'| 'ModifyFeature'| 'ModifyMapping'| 'ModifySelect'| 'Modifybuild'| 'Modifyifdef'| 'NewDefault'| 'NewDepends'| 'NewSelect'| 'RemoveDefault'| 'RemoveDepends'| 'RemoveFeature'| 'RemoveMapping'| 'RemoveSelect'| 'Removebuild'| 'Removeifdef'| 'addAsset'| 'changeAsset'| 'removeAsset']
,6886059f2e
1,,Tags = ['RemoveDepends'| 'RemoveFeature'| 'addAsset'| 'changeAsset'| 'no-ck-tag-changed']
,f412f2c60b
1,,Tags = ['AddedDepends'| 'AddedFeature'| 'AddedMapping'| 'Addedbuild'| 'ModifyDepends'| 'NewDefault'| 'NewDepends'| 'addAsset'| 'changeAsset']
,4937e2a6f9
1,,Tags = ['AddedDepends'| 'AddedFeature'| 'Modifybuild'| 'NewSelect'| 'addAsset'| 'changeAsset'| 'removeAsset']
,e0da5c9a49
1,,Tags = ['AddedFeature'| 'Addedbuild'| 'ModifyFeature'| 'Modifybuild'| 'NewDepends'| 'RemoveDefault'| 'RemoveDepends'| 'RemoveFeature'| 'changeAsset']
,54e4ff4d40
1,,Tags = ['AddedDepends'| 'AddedFeature'| 'ModifyDepends'| 'Modifybuild'| 'NewSelect'| 'addAsset'| 'changeAsset'| 'removeAsset']
,7f9cc24a80
1,,Tags = ['AddedFeature'| 'Addedbuild'| 'NewDepends'| 'RemoveDepends'| 'RemoveFeature'| 'RemoveMapping'| 'addAsset'| 'changeAsset'| 'removeAsset']
,0bde7294e2
1,,Tags = ['ModifyMapping'| 'ModifySelect'| 'Modifybuild'| 'addAsset'| 'changeAsset']
,71f777ed50
1,,Tags = ['ModifyDefault'| 'changeAsset'| 'no-ck-tag-changed']
,673fdfe3f0
1,,Tags = ['AddedDefault'| 'AddedFeature'| 'NewDefault'| 'changeAsset'| 'no-ck-tag-changed']
,fddd87d6e1
1,,Tags = ['AddedDepends'| 'AddedFeature'| 'AddedMapping'| 'ModifyDepends'| 'NewDefault'| 'RemoveSelect'| 'addAsset'| 'changeAsset']
,85d0b3a573
1,,Tags = ['AddedDefault'| 'AddedFeature'| 'Addedbuild'| 'Addedifdef'| 'RemoveDefault'| 'RemoveFeature'| 'addAsset'| 'removeAsset']
,e40f04d040
1,,Tags = ['RemoveDefault'| 'RemoveFeature'| 'no-am-tag-changed'| 'no-ck-tag-changed']
,a851aebc36
1,,Tags = ['AddedDefault'| 'AddedDepends'| 'AddedFeature'| 'AddedMapping'| 'AddedSelect'| 'Addedbuild'| 'ModifySelect'| 'NewDefault'| 'NewDepends'| 'NewSelect'| 'addAsset'| 'changeAsset']
,a310410f61
1,,Tags = ['AddedFeature'| 'AddedMapping'| 'NewDefault'| 'NewDepends'| 'NewSelect'| 'addAsset'| 'changeAsset']
,27b5c3f3cc
1,,Tags = ['AddedDepends'| 'AddedSelect'| 'no-am-tag-changed'| 'no-ck-tag-changed']
,2c312e9af7
1,,Tags = ['AddedDefault'| 'AddedFeature'| 'Addedbuild'| 'Addedifdef'| 'RemoveDefault'| 'RemoveFeature'| 'addAsset'| 'changeAsset'| 'removeAsset']
,cdc7ef8981
1,,Tags = ['AddedFeature'| 'Addedbuild'| 'Modifybuild'| 'NewDepends'| 'addAsset'| 'changeAsset']
,0d455c12c6
1,,Tags = ['AddedDefault'| 'AddedDepends'| 'AddedFeature'| 'AddedMapping'| 'AddedSelect'| 'ModifyDepends'| 'NewDefault'| 'addAsset'| 'changeAsset']
,d5bdaf4f68
1,,Tags = ['AddedFeature'| 'AddedMapping'| 'NewDefault'| 'addAsset'| 'changeAsset']
,527d151131
2,,Tags = ['AddedFeature'| 'AddedMapping'| 'AddedMenu'| 'Addedbuild'| 'NewDepends'| 'RemoveDepends'| 'RemoveFeature'| 'RemoveMapping'| 'changeAsset']
,ab0431059e
,2e7babfa89
2,,Tags = ['AddedDepends'| 'ModifyDepends'| 'changeAsset'| 'no-ck-tag-changed']
,044c8d4b15
,a5d6e63323
1,,Tags = ['AddedDefault'| 'AddedDepends'| 'AddedFeature'| 'AddedMapping'| 'AddedSelect'| 'Addedbuild'| 'Addedifdef'| 'Modifybuild'| 'NewDefault'| 'NewDepends'| 'NewSelect'| 'Removebuild'| 'addAsset'| 'changeAsset'| 'removeAsset']
,78dc53c422
1,,Tags = ['AddedDepends'| 'AddedSelect'| 'changeAsset'| 'no-ck-tag-changed']
,e48f88a30d
1,,Tags = ['AddedDepends'| 'AddedFeature'| 'AddedMapping'| 'Addedbuild'| 'ModifyDepends'| 'ModifyFeature'| 'Modifybuild'| 'NewDefault'| 'RemoveDepends'| 'RemoveSelect'| 'addAsset'| 'changeAsset']
,26b265cd29
1,,Tags = ['AddedMapping'| 'Addedbuild'| 'ModifyMapping'| 'changeAsset'| 'no-fm-tag-changed']
,9c74360f9a
4,,Tags = ['AddedSelect'| 'NewSelect'| 'changeAsset'| 'no-ck-tag-changed']
,1676587bca
,aa489f0f26
,e1ca87bb1b
,4a251dd29c
1,,Tags = ['AddedFeature'| 'Addedbuild'| 'Addedifdef'| 'ModifyDefault'| 'ModifyFeature'| 'changeAsset']
,a456c0d9c0
1,,Tags = ['AddedDepends'| 'AddedMapping'| 'AddedSelect'| 'Addedbuild'| 'ModifyMapping'| 'NewSelect'| 'changeAsset']
,0b0f7f1cda
1,,Tags = ['Modifybuild'| 'Modifyifdef'| 'Removebuild'| 'Removeifdef'| 'changeAsset'| 'no-fm-tag-changed']
,e84a2a49b9
2,,Tags = ['AddedSelect'| 'ModifyFeature'| 'RemoveDepends'| 'RemoveFeature'| 'changeAsset'| 'no-ck-tag-changed']
,55ef003e4a
,2d4d4a8dde
1,,Tags = ['AddedDepends'| 'AddedFeature'| 'AddedMapping'| 'AddedMenu'| 'AddedSelect'| 'Addedbuild'| 'Addedifdef'| 'ModifyDefault'| 'ModifyDepends'| 'ModifyFeature'| 'ModifyMapping'| 'ModifySelect'| 'Modifybuild'| 'NewDefault'| 'NewDepends'| 'NewSelect'| 'RemoveDefault'| 'RemoveDepends'| 'RemoveFeature'| 'RemoveMapping'| 'RemoveSelect'| 'addAsset'| 'changeAsset']
,b0e6989c96
1,,Tags = ['ModifyDefault'| 'RemoveDefault'| 'no-am-tag-changed'| 'no-ck-tag-changed']
,62aceb8ff4
1,,Tags = ['ModifyDefault'| 'RemoveDefault'| 'changeAsset'| 'no-ck-tag-changed']
,7d49efe2ed
1,,Tags = ['Addedbuild'| 'Modifybuild'| 'NewDepends'| 'changeAsset']
,b19d69c72d
1,,Tags = ['AddedDepends'| 'AddedFeature'| 'AddedMapping'| 'AddedMenu'| 'AddedSelect'| 'Addedbuild'| 'Addedifdef'| 'ModifyDefault'| 'ModifyDepends'| 'ModifyFeature'| 'ModifyMapping'| 'ModifySelect'| 'Modifybuild'| 'Modifyifdef'| 'NewDefault'| 'NewDepends'| 'NewSelect'| 'RemoveDefault'| 'RemoveDepends'| 'RemoveFeature'| 'RemoveMapping'| 'RemoveSelect'| 'Removebuild'| 'Removeifdef'| 'addAsset'| 'changeAsset'| 'removeAsset']
,ed16c8c50e
1,,Tags = ['AddedSelect'| 'Addedbuild'| 'Modifybuild'| 'Modifyifdef'| 'NewDepends'| 'Removebuild'| 'Removeifdef'| 'addAsset'| 'changeAsset'| 'removeAsset']
,afdcd431ce
1,,Tags = ['AddedDepends'| 'RemoveSelect'| 'changeAsset'| 'no-ck-tag-changed']
,a36c160cbb
1,,Tags = ['AddedDepends'| 'ModifyMapping'| 'Modifybuild'| 'Removebuild'| 'changeAsset']
,86fbf1617a
2,,Tags = ['AddedDepends'| 'AddedSelect'| 'Addedbuild'| 'ModifyDefault'| 'ModifyFeature'| 'Modifybuild'| 'NewDepends'| 'NewSelect'| 'RemoveDefault'| 'RemoveDepends'| 'RemoveFeature'| 'Removebuild'| 'addAsset'| 'changeAsset']
,356f402da0
,cd15c51d6c
1,,Tags = ['AddedMapping'| 'ModifyFeature'| 'ModifyMapping'| 'RemoveSelect'| 'no-am-tag-changed']
,fce7d3bfc0
1,,Tags = ['AddedFeature'| 'AddedSelect'| 'NewDepends'| 'changeAsset'| 'no-ck-tag-changed']
,eaadcfeb31
1,,Tags = ['AddedDepends'| 'AddedFeature'| 'AddedSelect'| 'Addedbuild'| 'ModifyMapping'| 'Modifybuild'| 'NewDepends'| 'NewSelect'| 'RemoveSelect'| 'Removebuild'| 'addAsset'| 'changeAsset']
,9b17c16525
1,,Tags = ['AddedMapping'| 'ModifyFeature'| 'ModifyMapping'| 'RemoveSelect'| 'changeAsset']
,8cf126d927
1,,Tags = ['AddedDepends'| 'AddedFeature'| 'AddedMapping'| 'AddedSelect'| 'ModifyDepends'| 'NewSelect'| 'no-am-tag-changed']
,d79e07c95d
