qty,hash, tags
17,,Tags = ['Addedbuild'| 'addAsset'| 'no-fm-tag-changed']
review,69c05eb2d8
review,931398ecd5
review,40cdaa542c
review,3707873299
review,7837feff0d
review,01ed6632a5
review,a4d4b15363
review,adfe1473bd
review,b6aa997941
review,47ba5c815a
review,5cda1620f4
review,c482525659
review,df01318850
review,f24b56cbcd
merge,07eb663b7e
review,45e8815fc1
review,94f69966fa
54,,Tags = ['Addedbuild'| 'addAsset'| 'changeAsset'| 'no-fm-tag-changed']
review,4e646495c6
review,be4fc046be
review,82b0f4b7c5
review,a01e28f692
review,3a6a920189
merge,4821ff14a3
review,e64457191a
review,e0ec2f39ef
review,6bf37e5aa9
merge,3197e4a123
merge,0398436522
review,f048d548f8
merge,c49f4984fd
review,610bfc6bc9
review,5992234bc5
merge,fd781337b6
review,aeedb370e7
review,6a4d98d787
review,c351e29018
merge,b4887e1637
merge,aa30a2e03a
review,9aede1d81b
review,4779a2e99a
merge,2f5e988023
merge,c90d19be27
merge,0f56438038
merge,5f55c317e4
review,786c497a69
review,32c5483a8a
review,776dc38403
review,05b849111c
review,1902efe7f6
merge,6fcf018ae4
review,d34603b07c
review,515de6b27f
review,5fa7543041
review,1b4fea0f6a
review,9a9d5c64ef
review,9ca3037e60
review,75faef78c9
> 20 files,ff4b42c753
review,2984506fb6
> 20 files,aa4d7a4d55
review,0833428e7d
review,c9c0ccae48
review,7c85652206
review,9838366c15
> 20 files,aae95ca708
merge,c4b3a81f4e
merge,549608eadb
merge,7971e23a66
review,a7e4201f0f
merge,c17f5bb529
merge,78fd82238d
764,,Tags = ['changeAsset'| 'no-ck-tag-changed'| 'no-fm-tag-changed']
merge,9efff3899b
merge,19c3205cea
merge,389e067032
merge,fbce71cae7
merge,7d930ce26e
merge,98f700f317
merge,615c924feb
merge,27c90dcb9c
merge,3ba8b7c542
merge,63495fff27
review,4fa2a9e468
merge,9509d264ad
merge,ef85b64246
review,4172fe2f8a
merge,c359ca88cb
merge,f7df257a2c
merge,e8bc99425e
merge,13e92b5b1e
merge,5afd077d70
merge,fd97ba5d5b
merge,98497bb241
merge,aae8c287e6
merge,2424a7339b
merge,645e40f9c4
merge,d3c02799d3
merge,060c83fa0e
merge,fdc07cc13a
merge,605d240052
merge,0a325758a8
merge,a32d8c0e84
merge,7b77d161ce
merge,cb178190ab
merge,21a122b5f4
merge,06b0a9a4b2
merge,5229432f15
merge,99ebe9f2b3
merge,c21a7d661f
merge,75ae83d686
merge,2b2322d662
review,cf154b7e22
merge,564c39701c
merge,eb3e6ae960
merge,933b4f0f34
merge,b4e086f679
merge,32d7962d37
merge,dabefd56c6
merge,ac9f1cc2ce
merge,243b6db058
merge,661a7335c4
merge,53af53ae83
review,bd04363d39
merge,557667f643
merge,40aaddd043
merge,967ad7f148
merge,e9517fecf2
merge,58308451e9
merge,65009d43e7
merge,7ccda98393
merge,ed8436d2b3
merge,9e490f486e
merge,3ad26e5c44
merge,e85923acb9
merge,20b2f1ac85
merge,a2f9663a12
merge,94f53f1f08
merge,460aebac73
merge,25e03a74e4
merge,2529973309
merge,5259c522a0
merge,c0ad8568c8
merge,1723f2a18d
merge,f2c4e82e35
merge,3a14aedec4
merge,048e5a786a
merge,c0f4ace79e
merge,206f398587
merge,163556896d
merge,e4b3c9c21b
merge,baf785bacc
merge,9657b772e9
merge,af43ef6770
merge,ace0d5d8bf
merge,8245d02369
merge,334300f247
merge,5d6fa0992a
merge,b231070a18
merge,a72e25f781
merge,dfdba7fd60
merge,1e819b3ed3
merge,8754c4bf2a
merge,9afcdb10ad
merge,53481da372
merge,7dcade3908
merge,5bf47256f5
merge,54b89756a1
review,b20be8de1b
review,4c1dd3e5ed
merge,3167fe98ce
merge,0a6d10dbe9
merge,bda301c9dc
merge,1b13813170
merge,666d100859
merge,6f799c97f3
merge,afb14c7cb6
merge,df33db0f5e
merge,0cad43a748
merge,b45bd46dec
review,d141ab776b
merge,bdbf0a4cf2
merge,77748e6315
merge,2a2bec6554
merge,f2399df731
merge,81e439f476
merge,2a86e8e753
merge,513b485a2d
merge,b735e47f6e
merge,706664c290
merge,a6117615a2
merge,4c35c8676f
merge,4e31566d9b
merge,08f09c63e1
merge,88c260a180
merge,22eb85adaf
merge,67471b6a24
merge,07afa93e31
merge,6c7bdf8e63
merge,f5549f5bd8
merge,e11678e4b4
merge,2532a39500
merge,d4d5cef649
merge,686b377152
merge,dfbbe16f14
merge,3bd36a147f
merge,ebc0b38625
merge,b85e95781c
merge,cbf125e211
merge,de3bb2ded6
merge,9c5ff908aa
merge,e447360474
merge,bb80a5d4cd
merge,805c605562
merge,c4c2361aef
merge,80ca31869f
merge,d1c59c8712
merge,6180561670
merge,d6ee232c7f
merge,f8736ad2ee
merge,05be686a40
merge,0705690110
merge,70e0db2f74
merge,8ff9f38bda
merge,2e71ff5e8a
merge,1a4ca437e4
merge,4131770d54
merge,ed87aabf60
merge,07797e9bb6
merge,10abe843d5
merge,440f5e8996
merge,8018abf63d
merge,c0840b2728
merge,5b2ad46d6e
merge,a6f849f752
merge,1f7f8e0462
merge,f6b967ab1b
merge,ccc6d1922e
merge,c5833ddc4a
merge,abdd182e93
merge,7524be376d
merge,a5f0ac4a0b
merge,2b48f86b5b
merge,3cabd442d7
merge,24a6703abb
merge,3caa28274e
merge,e3a4bd276d
merge,d12649452d
merge,cd77607f57
merge,9645083ca5
review,a6802e008e
merge,9270d827de
merge,5b66fd1812
merge,4c4b8da17d
merge,c55b869ac4
merge,2ef2e60d2f
merge,52d85ebb7b
merge,dd8c26f08e
merge,1e8081da4d
merge,d42b70f5c7
merge,8f737d6185
merge,f24b19cb77
merge,4cd667bb68
merge,a35a1df635
merge,23e0ad77e1
merge,6e693ff1e3
merge,c25b2c9eb3
merge,6c99db1eb8
merge,3135ba82a1
merge,7e0ae74090
merge,982d628743
merge,b3d6c80050
merge,d448121c4c
merge,84b6146564
merge,5b380cb152
merge,f88df3a72c
merge,176c51c1e4
merge,605d427ccc
merge,344a85117d
merge,82f85cf98f
review,f1a4914bd0
merge,46a99d03f9
merge,17e8d03c48
merge,d49c83d7ab
merge,a00f6fcc7d
merge,d601b66616
merge,4d961a101e
merge,17761fc80f
merge,d31a408f4f
merge,02673f94d0
merge,2de1a7a855
merge,3fbc4d6374
merge,3f66c315f5
merge,31c466c1af
merge,9183ea62f7
merge,dd6c26be3b
merge,975bcabb05
merge,5171f4fa74
merge,6e2d9b6049
merge,8d58199fe7
merge,400fc45273
merge,70c1c86d56
merge,5eff79fe2d
merge,bee54e310e
merge,f2783f0e9c
merge,6cf3d82323
merge,18f513db93
merge,c435d5b9b8
merge,462fb38f3d
merge,137f66ee14
merge,c698dbf9fe
merge,d5d45d4294
merge,b01928a41f
merge,68783ec73c
merge,911aeb1084
merge,aa58d9813d
merge,689e437076
merge,bcd77ffc5d
merge,b967aecf17
merge,50b719f811
merge,f0dad6e701
merge,8715fb364f
merge,8d684b430b
merge,42a20ba5c9
merge,0e73453e17
merge,e125096e73
merge,f36c493491
merge,356bd765e2
merge,40246603f8
merge,cc17a67c07
merge,33de1b8bf6
merge,f8d9f628e1
merge,6b327a028f
merge,853b185ac9
merge,90df06b8a2
merge,2e19ef0251
merge,f99f4f8b09
merge,296c10639a
merge,41caa41634
merge,b199b0fcde
merge,14d907742c
merge,425c5a8582
merge,6367771fb6
merge,e814e3936e
merge,05e48b5064
merge,911885542a
merge,6caa9892c3
merge,fc10c6db77
merge,07ad822c21
merge,97fa413305
merge,4cf9159e2a
merge,d092232793
merge,1c2fa548bf
merge,f027ac7a72
merge,71d0c3a876
merge,b397f99921
merge,e9b51a198c
merge,be408cd3e1
merge,215432ed30
merge,fce762ed9f
merge,13fd8a5dc3
merge,01925efdf7
merge,96635fbd0b
merge,6f9fed0bd2
merge,5a6e55c461
merge,589a1b076f
merge,72c39a0ade
merge,13521a5797
merge,b476d3f143
merge,33b443422e
merge,dce1ebabcb
merge,c046555966
merge,6b732323c1
merge,44847da1b9
review,f69405ce6c
merge,bbf1f8bfef
merge,c245f24220
merge,8a4d0b56b0
merge,212c444baa
merge,eaaeb1cb33
merge,95ed40196f
merge,3cdcf1334c
merge,8dbb8d54fe
merge,ee360d688c
merge,0faf996f4d
merge,cf8a1af855
merge,e21dd863ac
merge,a4aaf2e0df
merge,230b4b376e
merge,adf9684588
merge,feba070dba
merge,679d9980f9
merge,0b2e2d36d1
merge,63ff4d0765
merge,faddf2f5d2
merge,8efdf2b759
merge,6c86ae2928
merge,5365990776
merge,5196e6ffc2
merge,3fec948ed8
merge,3d0be4a5c7
merge,57ada4c5d6
merge,8c691c1ba6
merge,c241b6c786
merge,47973c6eb8
merge,5176dfcd47
merge,74858f23ca
merge,642cba7528
merge,aff79f8282
merge,2fc175c4a3
merge,d20b09f0c5
merge,c6016bdeab
merge,477ce17dec
merge,491f06b160
merge,2029ef2500
merge,ec7118e391
merge,ca2b2252fc
merge,5f343663a2
merge,b8a77af201
merge,c462b1d8bb
merge,efdf09add9
merge,672922e975
merge,5ac452772f
merge,97df0a0538
merge,df8aabe442
merge,469cb9286e
merge,457eb9016b
merge,87373ad1f3
merge,6a2972b363
merge,8bffb007a5
merge,bd6d35a370
merge,6c61bbf0e8
merge,be529a5b7f
merge,d4af6be4f8
merge,e029530075
merge,abdf150ade
merge,32b7fdfefa
merge,b24a63d5ef
merge,88cb5111e8
merge,022aa51e3f
merge,108145a606
merge,a941145d2b
merge,552b747564
merge,22b468a06e
merge,dd212bd5bb
merge,323f6226a8
merge,8d0a221593
merge,ab0169bb5c
merge,8b5baa460b
merge,cf0613d242
merge,caea6cf521
merge,6da8ae556c
merge,ea982d9ffd
merge,0a759b2466
merge,90b128ed15
merge,ef1417a5a6
merge,b7ab6e3d21
merge,ae795fe760
merge,d96d8aa261
merge,2dc1733fd4
merge,2612c49db3
merge,2934578e28
merge,986189f9ec
merge,c2136301e4
merge,0993537bff
merge,7e238a2ecd
merge,d969135aae
review,c5320926e3
review,54886a7153
review,5812c13a4e
review,8de7a7d950
merge,c08acff054
merge,13aa7e0bc2
merge,a998646456
merge,a30124539b
merge,a7fa20a594
merge,fbe43ff003
merge,39222c82f7
merge,f023029427
merge,9bc9ccd7db
merge,8ceafbfa91
merge,2821fe6b00
merge,ca9efa1741
merge,792e6a6cb2
merge,b95b49168f
merge,ad40f83f5a
merge,b357787e74
merge,d8ec5a5d4c
merge,6afae6457b
merge,fe8a45df36
merge,d320e203ba
merge,fcd7476f9e
merge,4fb09a8705
merge,4fbf888acc
merge,8422d1f181
review,afc6592412
merge,89b4be142b
merge,7e4da109b4
merge,738867f9f8
merge,9450d92c8c
merge,514918f0d1
merge,a190f7867e
merge,0846c728e2
merge,b746f9c794
merge,d72681d7c6
merge,c681427e5c
merge,32019c739c
merge,cd1177f250
merge,9073e1a804
merge,82c80e9d9d
merge,0891ad829d
merge,abfe69dd2e
merge,df12a3178d
merge,ffd3c0260a
merge,449bf8d03c
merge,b29c8306a3
merge,73d75ba99e
merge,a7d2472d81
merge,f86e7bc968
merge,1213959d4a
merge,1446f17adf
review,c98d6c65e6
merge,c2ac2ae44d
merge,794e96e8ec
merge,cdd278db0e
merge,4861292f73
merge,614d7426ec
merge,dcaea2c18e
merge,9a04d08b11
merge,077a671d7b
merge,6431b43097
merge,77aa26514a
merge,9bad584548
merge,b38f67c4ae
merge,4007162647
merge,2ecd1aba59
merge,9066d9b250
merge,e87e7be929
merge,4457e6f6c9
merge,1ee2dcc224
merge,091e0662ee
merge,ed6a82546d
merge,6d6e352c80
merge,5a1efc6e68
merge,b5898cd057
merge,e98a6e59df
merge,4f837c3b11
merge,c33ef2c9ed
merge,bdbe9c72f6
merge,ac5f1ad349
merge,971a6f45e0
merge,cde4d7596c
merge,4b47ab4265
merge,9a5c543dd7
review,bf9d121efc
merge,7acd71879c
merge,cd2cc01b67
merge,78ef359cb6
merge,ee71a70e95
merge,ded5107e2a
merge,cf96967794
merge,27946e9710
merge,3bab0bf045
merge,24f971abbd
merge,6ea9786e76
merge,fb0d1eb892
merge,c85e07278e
merge,533db9b3d4
merge,d0f278c1dd
merge,c874e6fc35
merge,d2c2ad54c4
merge,0032cdefff
merge,57498f9cb9
merge,c3fda066de
merge,7e9e801f74
merge,3981560c2a
merge,90ba0813db
merge,8e45099e02
merge,d5aedd7e1b
merge,192b4bcbbe
merge,434a438af2
merge,6df025c1ae
merge,b95485143b
merge,3af4977ed6
merge,75cc4d470c
merge,a32555249f
merge,a46b6e7283
merge,652787ab1a
merge,4f9e5df211
merge,8ae516aa8b
merge,049da9e8f8
merge,2d304ba757
merge,db8fbb49df
merge,d0b00d3fb9
merge,e345d767f6
merge,ba33fef0f6
merge,f496863658
merge,682a2512ea
merge,e7c0d3dac8
merge,3bad8bb5cd
merge,962ba26326
merge,b8aba7611b
merge,c18158f1fd
merge,e63e60be62
merge,282c183b02
merge,b01537bfbc
merge,b8495995dd
merge,2855987d13
merge,de92a0589c
merge,7224b31bd5
merge,dc418f6e6a
merge,d5ff835f88
merge,696701b89d
merge,1d07489aac
merge,5fc92de3c7
merge,aeac81033b
merge,bcc2f9b718
merge,e321ae4c20
merge,a0b57ca33e
merge,a45299e727
merge,dea4f48a0a
merge,041b499bb1
merge,a59b40b30f
merge,d63e502dbe
merge,c0c3350c3c
merge,3060817fe8
merge,82cca5dace
merge,988bf4f01e
merge,1c4b578aa4
merge,d930f0082d
merge,d644c026e6
merge,278717909d
merge,8aa9c36788
merge,fa22f66b82
merge,8ae19ec335
merge,10c028e94e
merge,60460f6551
merge,7bc494a93f
merge,1ec2c7fc11
merge,da1965d353
merge,59fb2f0e9e
merge,ef1e4e32d5
merge,9255ce80f8
merge,29be6345bb
merge,5ee540613d
merge,b52b342d31
merge,002acf1fc1
merge,05f4720e5f
merge,7cdcec991c
merge,8e7030097e
merge,470abdcfda
merge,7adfff587b
merge,c537aba00e
merge,843f4f4bb1
merge,239a87020b
merge,bfb26328b9
merge,f64001ef16
merge,3f02ff5c2c
merge,b6db4eb02e
merge,754ac45745
merge,77bd2adb97
merge,757de81e8b
merge,17b2112f33
merge,6a46ff87d4
merge,3daf65c0ed
merge,22056614ee
merge,5e0af24cee
merge,e80ba46120
merge,9538e10086
merge,1caab68bff
merge,88b07b3660
merge,231df15f1c
merge,4585a79d16
merge,33457ff7cd
merge,d0977e2b85
merge,67cc688554
merge,2ff7085046
merge,caa3df8f46
merge,e20ab019e2
merge,48a2f0b272
merge,5dec682c7f
merge,319720f534
merge,62a3a12667
merge,25945b6690
merge,5c015db7d9
merge,c8469441c4
merge,86b581f6f1
merge,846f29a6af
merge,ea4ebd1cb0
merge,2208f6513a
merge,c9111b4df4
merge,e09f67f147
merge,54fb723cc4
merge,8d2763770c
merge,f649350591
merge,dbb022cb46
merge,31f984d10c
merge,599eefa03f
merge,ca3367518b
merge,7fc61f8458
merge,0ca9fff744
merge,1008ebb61e
merge,93e1585e2c
merge,d93aca6050
merge,334a82086d
merge,b2077ebc19
merge,0925f2cdf9
merge,b5745c5962
merge,9199c4caa1
merge,f1cd659449
merge,4ddebaf42d
merge,a5905a9205
merge,0eda4020ae
merge,1070d5ac19
merge,60e53a6701
merge,b0031f227e
merge,27dc779835
merge,b6a15802ee
merge,7089fdd814
merge,8b80384169
merge,a7c12639bd
merge,35eecf0522
merge,781069279f
merge,b7e0473584
merge,2516b61537
merge,1aba038bbb
merge,e523365820
merge,405a96d6ea
review,cabd0e3a38
merge,9b1be0f976
merge,58cac3faef
merge,f7556698a3
merge,6da37d470b
merge,3c19a0a2bd
merge,96b7fe0119
merge,5b8314a988
merge,b1aca94efa
merge,5263f0a880
merge,4203d0eb3a
merge,95fcfa70f3
merge,46dd0835ca
merge,a81ce79bf2
merge,4773ef2241
merge,76ae07df25
merge,a6ddeee32d
merge,5e6d26cf48
merge,6eb3c2822e
merge,a8472b4bb1
merge,1733348bd0
merge,ba8b844f1b
merge,93579aeec2
merge,015cdf686a
merge,22f12c60e1
merge,73e33c11b6
merge,418cb50bd6
merge,a3981a52a2
merge,6961bc6c70
merge,dc0a6b4fee
merge,b257bab5a6
merge,4b69316ede
merge,f6398600f9
merge,70e672fa73
merge,f41bfc9423
merge,1a6725359e
merge,bfde19c4c2
merge,82f4fe7078
merge,4cff612353
merge,a72338a00e
merge,8eb9bff0ed
merge,bddffa28dc
merge,d7ada73c18
merge,67e0c1b037
merge,6e4c61968b
merge,f0082e3cf7
merge,71ce176ee6
merge,f991db1cf1
merge,03bdeda624
merge,6b8c982d41
merge,4706515a92
merge,3308d53580
merge,0a405fe97f
merge,6c72139fb1
merge,9a0bb2966e
merge,61ef8be7fa
merge,7c06abcb16
merge,152b734a9e
merge,06f055f394
merge,7a262d2ed9
merge,23e8e5901d
merge,d11739e6d8
merge,723a6c7a29
merge,497d2214e5
merge,c8d150761c
merge,f0a679afef
merge,ce088848c2
merge,a50f9d5ee0
merge,e46316c86e
merge,77410baf45
merge,a707271a81
merge,ef350bb7c5
merge,a04c0e2c0d
merge,2eff7c791a
merge,a3f28efa57
merge,ceb3b0212d
merge,f8829150d8
merge,7d1c153ab3
merge,0f74d82d80
merge,13de22c59f
merge,c4d7099867
merge,2aa63ce000
merge,21e20e22d4
merge,c43a5eb269
merge,cff539b11c
merge,324c66ff52
merge,e2bc44706f
merge,228fdc083b
merge,061f49ec2d
merge,a6da83f982
merge,c0eeb856e9
merge,e59da0aedb
merge,703a8c2dfa
merge,145830dfb0
merge,1a60864fc1
merge,2e67c56248
merge,a9bdddb8dd
merge,70b23ce347
merge,9826dbb1e9
merge,93a11c8f5c
merge,9b6c4ea95f
merge,85ce70fdf4
merge,8c12ec7411
merge,8b6d79f5b8
merge,8f211b6ccc
merge,48ba620aab
merge,7d0d46da75
merge,16ec54ad15
merge,4d93540299
12,,Tags = ['Addedbuild'| 'no-am-tag-changed'| 'no-fm-tag-changed']
review,58497204aa
review,922ca1dfc2
review,8b6eb56a95
review,b016a0dd08
review,684f434cc0
review,e2137086be
review,0ab89d0bf8
review,74af377bc2
review,8097047217
review,007fbbea9f
review,6e6dc401d5
review,ab7474ea53
4,,Tags = ['Removebuild'| 'no-am-tag-changed'| 'no-fm-tag-changed']
review,1700a449fe
review,a3c9e45d18
review,97b0b6ca4c
review,63d7bd1b17
26,,Tags = ['AddedDepends'| 'no-am-tag-changed'| 'no-ck-tag-changed']
review,ca40e29501
review,f735bba4cc
review,80d26236c7
review,4b88e33091
review,66bf8fa2ac
review,1d3d59108e
review,7e66e2689c
review,4777f79689
review,6197c34425
review,796c8e1c34
review,33777f34b5
merge,9e3396ae42
merge,92359d6d65
merge,54128df2ba
review,d4f9e7b3d1
review,90890b1ef5
review,686245bee9
review,2bf75084f6
review,7badfb1c34
merge,3352b80075
review,72ac01274a
review,930ba4a374
merge,88ec6a4d83
review,7cd0c298f6
review,a844f38671
review,9ebddac7ea
7,,Tags = ['NewDepends'| 'changeAsset'| 'no-ck-tag-changed']
review,b444d1dfe2
merge,a59ca9773c
merge,f8785c5514
merge,3ea369eea0
merge,70fe8217e1
merge,c24cb6c8b5
merge,1ab231b274
7,,Tags = ['AddedDepends'| 'changeAsset'| 'no-ck-tag-changed']
review,5ce0ba8865
review,b59278548e
merge,ad14ad735f
merge,c0ced86d38
review,f02ae59b12
merge,5c509a2bb4
merge,32ac486967
33,,Tags = ['Modifybuild'| 'addAsset'| 'changeAsset'| 'no-fm-tag-changed']
review,0cdfcc0f93
merge,d0175e7e78
review,a0b03a616b
merge,e3c51ca8fa
review,59ee2361c9
review,7d0911c02f
review,646e29a178
review,071fb4cbe0
review,e8c2d99f82
merge,d570142674
review,4a19138c65
review,0a2a78c4a9
review,72be35fee6
merge,97e592bd29
merge,420118d483
merge,48ce3ec16a
review,cd1aebf527
review,adf53a778a
review,3ce1217d6c
review,6f3a193605
review,b8a216269e
review,f6d12eefcd
merge,99a0ea2d5b
review,26fdd78cce
review,294e30fee3
merge,014d595c23
merge,ca439c9b98
review,6de714c21a
review,69977ff55e
review,9508c6b90b
review,5f55dbc0c5
merge,28adb3026d
merge,aecde27c4f
3,,Tags = ['ModifyFeature'| 'RemoveFeature'| 'changeAsset'| 'no-ck-tag-changed']
review,4ddfebd3b0
merge,aef393da75
review,5d9efa7ee9
1,,Tags = ['Modifybuild'| 'RemoveSelect'| 'Removebuild'| 'Removeifdef'| 'changeAsset']
review,b69f460dc1
27,,Tags = ['changeAsset'| 'no-ck-tag-changed'| 'no-fm-tag-changed'| 'removeAsset']
review,66fcbe6b7c
review,6ae894166c
review,f1ff5b2549
review,74227e65f9
review,be0804513a
review,f44089a7f4
merge,c884357ec6
review,20c99e8217
review,9f627100b9
review,f121910396
review,57ae1605c0
review,9339ce4577
review,fc42ef5121
review,c00809d330
review,578fdfdf32
merge,6886530bab
merge,0fc869e8f2
review,1a9db0a9ea
review,71304f5a26
review,b88c4767d9
review,35d747a81d
review,5702941eec
review,8b558c5f09
merge,e4528d696f
> 20 files,e7f2c8c1f0
merge,8a60ba0a05
merge,24cb412041
1,,Tags = ['AddedMapping'| 'addAsset'| 'no-fm-tag-changed']
review,a43736deb4
1,,Tags = ['Addedbuild'| 'ModifyMapping'| 'addAsset'| 'no-fm-tag-changed']
review,2ec35a4252
16,,Tags = ['NewDepends'| 'no-am-tag-changed'| 'no-ck-tag-changed']
review,31507f74f1
review,ad6343a49e
review,9d7278d0b4
review,965e260a06
review,7ba0127805
review,6170155d4a
review,8addac75a1
review,7df697c815
review,2ab61fa047
review,6e078bc2f2
review,de00b30d05
review,51d8e7fbff
review,f5ae18ece3
review,77f7ce9a9f
review,bc912b0d23
review,7787380336
32,,Tags = ['no-am-tag-changed'| 'no-ck-tag-changed'| 'no-fm-tag-changed']
review,fb51b500a9
review,9dbd5fe8b5
review,7d1815e1e5
review,ece238fe0a
review,1860c925f8
review,d2193ce2ce
review,ced3c42c9f
review,a822794886
review,8c88126bbb
review,18f6533277
review,a26a8746ce
review,6d56a410ae
review,362ecc7c38
review,b3f2436add
review,4c4e4f6136
review,cce6de908e
review,706e282b69
review,8787fcd209
review,2eaf6b5dca
review,e02aea9132
review,bcd2623073
review,dfaaed08ec
review,bb61ccc7db
review,3aa4f80e41
review,cdc4ead09d
merge,339a4b72c8
review,1c3fc3e5cc
review,4819224853
review,4204617d14
review,f3014127ad
review,8cb04be886
review,5d9270869b
103,,Tags = ['addAsset'| 'changeAsset'| 'no-ck-tag-changed'| 'no-fm-tag-changed']
review,e0349d5bac
review,1bfbddb6f3
review,63f57cd45b
review,118150f22d
review,7721da4c1e
merge,3203209d61
review,0c44c2d0f4
> 20 files,a787870924
review,c2daa3bed5
review,f91f9258f6
review,67f13daadc
review,937433c250
review,ff04b40152
review,eee0316497
review,7679c0e191
review,a112de8c7a
review,68b63f08d2
review,092a4bd069
review,f3fed36749
review,2b2b614dd2
review,9c19cfa93a
review,507cadf262
review,5ce26f3b5a
merge,d174ec2287
review,56ec1978ff
review,feeea8f34c
review,06a9ea5d76
review,dc7743aa3c
review,0fc924bd4e
review,f8302e1efa
review,99919e5e15
review,eadc62fc43
review,c9218fe63f
review,6913952f56
review,6b2978ac40
review,465ce68b46
review,99633ab29b
review,f75efdd768
review,d195608acc
review,d7d1d45cc4
review,420f9739a6
> 20 files,3a167beac0
review,72c1253574
review,dba291f2ce
review,701a0dc088
review,3d8c8bc025
merge,76df26b5bb
merge,444474dd5b
review,79a9becda8
review,7b09eea529
review,e54686e4c7
review,54e72f0ba3
> 20 files,f5fc14124c
merge,fbc364773f
> 20 files,70a9883c5f
review,f95a48834c
merge,3242a86170
merge,85eb5dce82
merge,9f7a949fb9
merge,856de81583
review,a9f10ca76d
review,648ae35c54
review,e5f7825cda
merge,ffd6dd3eaa
review,67125b0287
merge,7a54698fa6
review,ed845d6b78
merge,6275a9be78
review,497c56a581
merge,47869f5d11
merge,1d697db0ab
merge,6157e734de
merge,86408059df
review,3bfcec35da
review,912de74c81
review,08f6fbdb9b
> 20 files,20cdeaf938
review,48ae0b355f
review,81ab4190ac
review,ec0b380245
review,5f41ea0386
review,03aa254f1e
merge,0d522ee749
review,aae7bce481
review,f8049e3e86
merge,16cd9d1c0f
review,58e5637333
review,38c7937379
review,846b730e99
merge,e6d69a60b7
merge,dc6ec87d4c
review,fd8e198cfc
review,5094d27171
review,9cb238c00b
merge,b90f7b8af9
merge,b7fe6bf7f4
merge,dda9cc3a14
merge,b8be3a2279
merge,8ecffd7914
review,f2e2c9d9b4
merge,ea1e61cbb9
merge,c5fdd531b5
review,ee2f615d6e
7,,Tags = ['Removebuild'| 'changeAsset'| 'no-fm-tag-changed'| 'removeAsset']
review,51100bdc06
review,6dd937e8f6
review,3ea3e63938
review,9f4980e68b
merge,29b67c39dc
review,f097e25dbe
review,691dd0b7d2
3,,Tags = ['AddedDepends'| 'AddedFeature'| 'AddedMapping'| 'AddedSelect'| 'NewSelect'| 'addAsset'| 'changeAsset']
merge,7f63037c8f
merge,8df5a1ba67
merge,db0b2d0116
1,,Tags = ['ModifyFeature'| 'RemoveDefault'| 'RemoveFeature'| 'no-am-tag-changed'| 'no-ck-tag-changed']
review,1a81b94d4f
1,,Tags = ['AddedFeature'| 'Addedbuild'| 'Modifybuild'| 'NewDepends'| 'changeAsset']
review,ffb7fc0f6d
1,,Tags = ['AddedDepends'| 'AddedFeature'| 'AddedMapping'| 'AddedSelect'| 'RemoveMapping'| 'changeAsset']
review,e9004f5039
2,,Tags = ['RemoveSelect'| 'addAsset'| 'changeAsset'| 'no-ck-tag-changed'| 'removeAsset']
review,7b85b867b9
merge,3d729d33ee
17,,Tags = ['NewSelect'| 'changeAsset'| 'no-ck-tag-changed']
review,ca9a563805
review,b2a4df200d
review,2c66daecc4
review,3e3101d57c
merge,b4e8459947
review,7388901528
review,1dc254ac9f
review,70e9e77833
review,7e0be9f9f7
review,0bc202b3bb
review,bca028e7c2
review,30a83695aa
review,f06d19e460
merge,5d5119a476
merge,2430cdd0fe
merge,941ef73dbe
merge,9a2f1aad2f
3,,Tags = ['AddedFeature'| 'AddedMapping'| 'AddedSelect'| 'NewDepends'| 'NewSelect'| 'addAsset'| 'changeAsset']
merge,3ffdea3fec
merge,d95d3d53c7
merge,b915550179
6,,Tags = ['AddedFeature'| 'NewDepends'| 'changeAsset'| 'no-ck-tag-changed']
review,741ecef62a
review,9327e2c6bb
review,8f2535b92d
merge,dd1d1399f2
review,9491846fca
review,994dcf7055
1,,Tags = ['AddedFeature'| 'AddedMapping'| 'AddedSelect'| 'Addedbuild'| 'Modifybuild'| 'NewDepends'| 'NewSelect'| 'addAsset'| 'changeAsset']
merge,cfa8b3f54e
1,,Tags = ['AddedDepends'| 'AddedFeature'| 'AddedMapping'| 'ModifySelect'| 'RemoveMapping'| 'addAsset'| 'changeAsset'| 'removeAsset']
merge,7af2755d78
1,,Tags = ['AddedDepends'| 'AddedFeature'| 'AddedSelect'| 'Addedbuild'| 'ModifyDefault'| 'ModifyDepends'| 'ModifyFeature'| 'ModifySelect'| 'RemoveDepends'| 'RemoveMapping'| 'Removebuild'| 'addAsset'| 'changeAsset'| 'removeAsset']
merge,dc4fea795b
12,,Tags = ['Addedbuild'| 'changeAsset'| 'no-fm-tag-changed']
review,eed380f3f5
merge,0d4f55bc37
merge,7009deab19
merge,429eb05101
review,2f48fcd84e
review,b52bc23414
review,9997e62682
review,f0c4ac1329
review,9deb0eb7ca
merge,ce6513f758
merge,762fb1ddd5
merge,53c6de5026
1,,Tags = ['RemoveDepends'| 'RemoveFeature'| 'RemoveSelect'| 'Removebuild'| 'addAsset'| 'changeAsset'| 'removeAsset']
review,801201aa25
6,,Tags = ['ModifyMapping'| 'addAsset'| 'changeAsset'| 'no-fm-tag-changed']
review,1e019421bc
review,6a08e1e6f7
review,f382d9eb82
review,c1577c1ea0
review,b8d181e408
merge,9b66bfb280
2,,Tags = ['AddedFeature'| 'AddedMapping'| 'AddedSelect'| 'NewDepends'| 'addAsset'| 'changeAsset']
review,5892cd135e
merge,61f860c356
6,,Tags = ['AddedFeature'| 'Addedbuild'| 'NewDepends'| 'addAsset'| 'changeAsset']
review,ab3c3587f8
review,f36f8c75ae
review,ea53ac5b63
review,8623ec220b
merge,85b656cf15
merge,af2e2f3280
5,,Tags = ['ModifyDepends'| 'changeAsset'| 'no-ck-tag-changed']
review,0c5218362b
review,cc54ccd9a6
review,a410146c3e
merge,0397bb85b5
merge,2cc6e2e0c8
16,,Tags = ['AddedMapping'| 'addAsset'| 'changeAsset'| 'no-fm-tag-changed']
review,7f6db17172
review,1a338ac32c
review,ad09cb8381
merge,eea4fba5b3
merge,8843c9d430
review,629cc70dda
review,2349199db5
review,50c517d92e
review,687c27b070
review,e1cb367de2
review,26649467ad
merge,811e7c8734
merge,0d481d4187
merge,abcba009e5
review,19e2e172f0
review,0dd450fe13
36,,Tags = ['AddedSelect'| 'changeAsset'| 'no-ck-tag-changed']
review,8c0695e499
review,688e6a6df8
review,fa94bd57b5
review,e6001482d4
merge,68e9074028
review,65cd4f6c99
merge,8a749de5e3
review,2412fbf1ff
review,e6c661ef18
review,1bcce93947
review,7ec7c4a9a6
review,f95a2b3d98
review,1f5580986a
review,d7057e1de8
review,58d5ec8f8e
review,9732497d4d
review,98dec91fa3
review,a28875462b
review,74b8031307
review,5686b06cea
review,3fe78ca2fb
review,c7c8bb237f
merge,5bb3398dd2
review,0cbad9c9df
review,d241aac798
review,c0ff3c53d4
review,1d7bf993e0
review,9c8e612d9d
merge,ede5822242
review,812cb83a56
merge,1b2722752f
review,a1659d6d12
merge,29e248829d
merge,09759d1e13
review,488574dbc4
merge,f5835372eb
3,,Tags = ['RemoveSelect'| 'changeAsset'| 'no-ck-tag-changed'| 'removeAsset']
review,f1a4c52ff5
review,85649711a8
review,40ca061b1b
7,,Tags = ['AddedDepends'| 'AddedFeature'| 'AddedSelect'| 'Addedbuild'| 'ModifyDefault'| 'ModifyDepends'| 'ModifyFeature'| 'ModifySelect'| 'Modifybuild'| 'RemoveDepends'| 'RemoveMapping'| 'Removebuild'| 'addAsset'| 'changeAsset'| 'removeAsset']
merge,e2aad1d571
merge,e8f00c1b01
merge,0cab71e701
merge,f004eaf4d1
merge,8e9c4aa4e7
merge,d820306cbe
merge,2f8d01a147
5,,Tags = ['RemoveDepends'| 'RemoveFeature'| 'changeAsset'| 'no-ck-tag-changed']
review,1cad5e9a39
merge,5c2aae8355
review,7d0857a54a
review,280481d06c
review,57f4257eae
2,,Tags = ['AddedSelect'| 'changeAsset'| 'no-ck-tag-changed'| 'removeAsset']
review,61e570a9df
merge,7bc13d78c6
1,,Tags = ['AddedDepends'| 'AddedFeature'| 'ModifyDepends'| 'Modifybuild'| 'RemoveMapping'| 'changeAsset'| 'removeAsset']
review,d0e190c37a
6,,Tags = ['ModifyMapping'| 'Modifybuild'| 'changeAsset'| 'no-fm-tag-changed']
review,81cf1e061d
review,ef26958a0c
merge,004f47bcad
review,cae26f3113
merge,5c1f34c42d
merge,0e4b0743bb
13,,Tags = ['ModifyDepends'| 'no-am-tag-changed'| 'no-ck-tag-changed']
review,3c5710f6a2
review,a746c286f3
review,7d5f880b46
review,d96caf61ac
review,e7ed8b40e4
review,ef4d4d1b8f
review,6cf09b9d17
review,4ef4c943a0
review,e4a42f655f
review,5edb1062e5
review,7d02c4d64d
review,8a24284275
review,f63c4824aa
1,,Tags = ['ModifyDefault'| 'ModifyDepends'| 'no-am-tag-changed'| 'no-ck-tag-changed']
review,f4b24978aa
1,,Tags = ['RemoveDefault'| 'RemoveDepends'| 'no-am-tag-changed'| 'no-ck-tag-changed']
review,f2acae69a2
1,,Tags = ['RemoveDepends'| 'changeAsset'| 'no-ck-tag-changed']
review,206ce59a10
3,,Tags = ['Removebuild'| 'changeAsset'| 'no-fm-tag-changed']
review,6319c61aec
review,187eea0c35
review,fc3be3e8fc
1,,Tags = ['AddedMapping'| 'Addedbuild'| 'Addedifdef'| 'changeAsset'| 'no-fm-tag-changed']
review,f0e6d220a7
1,,Tags = ['AddedFeature'| 'AddedMapping'| 'Addedbuild'| 'Addedifdef'| 'NewDepends'| 'NewSelect'| 'addAsset'| 'changeAsset'| 'removeAsset']
review,b56e5a17b6
1,,Tags = ['Modifybuild'| 'RemoveSelect'| 'Removebuild'| 'Removeifdef'| 'changeAsset'| 'removeAsset']
merge,fca9b5ea3e
1,,Tags = ['AddedFeature'| 'AddedMapping'| 'AddedSelect'| 'Addedbuild'| 'Modifybuild'| 'NewSelect'| 'RemoveSelect'| 'Removebuild'| 'Removeifdef'| 'addAsset'| 'changeAsset'| 'removeAsset']
merge,0ebf7dc47a
1,,Tags = ['AddedDepends'| 'ModifyDefault'| 'ModifyDepends'| 'ModifyFeature'| 'RemoveDefault'| 'RemoveDepends'| 'RemoveFeature'| 'RemoveMapping'| 'RemoveSelect'| 'Removebuild'| 'Removeifdef'| 'changeAsset'| 'removeAsset']
merge,ec01791d0f
4,,Tags = ['AddedMapping'| 'changeAsset'| 'no-fm-tag-changed']
review,a60f4f81e4
review,de57a1547a
review,3a48fef18d
review,d9df6e1e1c
5,,Tags = ['AddedDefault'| 'AddedFeature'| 'changeAsset'| 'no-ck-tag-changed']
review,037f637767
merge,191124efb4
merge,a44eb870f8
review,bcbc9b0cf6
review,7f3bbb82e0
1,,Tags = ['AddedMapping'| 'ModifyDepends'| 'changeAsset']
review,50a97e059b
3,,Tags = ['Modifybuild'| 'changeAsset'| 'no-fm-tag-changed'| 'removeAsset']
review,aeef67ebab
review,7585382ad5
> 20 files,e258d719ff
3,,Tags = ['Modifybuild'| 'Removebuild'| 'changeAsset'| 'no-fm-tag-changed'| 'removeAsset']
review,c44c8e9d96
review,3124eb1679
review,6570b4a991
5,,Tags = ['AddedDepends'| 'AddedFeature'| 'AddedMapping'| 'NewDefault'| 'changeAsset']
review,1cc6ac59ff
review,e3825b48e2
review,f23b71f3fe
review,30330b8fed
review,b8ad5c3706
1,,Tags = ['AddedDepends'| 'AddedFeature'| 'Addedbuild'| 'NewDefault'| 'changeAsset']
review,e2404434b6
2,,Tags = ['Addedbuild'| 'NewSelect'| 'addAsset'| 'changeAsset']
review,f69bcbf3b4
review,2141c7c5ee
5,,Tags = ['Addedbuild'| 'Addedifdef'| 'addAsset'| 'no-fm-tag-changed']
review,8d49751580
review,7495f3742d
review,78e9d65508
review,b7bcef6f8e
review,058f952de9
9,,Tags = ['Addedbuild'| 'Modifybuild'| 'changeAsset'| 'no-fm-tag-changed']
review,809373e29a
merge,ec0ad3d01f
review,8a5411e9a3
review,7a6354e241
review,a614d01bdd
merge,4d9218daae
review,b0756b5ade
merge,54e11304e8
review,9ba4bcb645
16,,Tags = ['AddedSelect'| 'no-am-tag-changed'| 'no-ck-tag-changed']
review,48c8cd291c
review,31c1fc8187
review,a2cd11f7d5
review,62d26c8200
review,4a19aad2b1
review,700e262920
review,50eec2fce4
review,d701884894
review,4a24fb2f30
review,77fbbc8112
review,e84dfa26a0
review,dbed714163
review,0c403462d6
review,0fb50e5539
review,419a4aaeb0
review,725dd7eb17
4,,Tags = ['Addedbuild'| 'Addedifdef'| 'changeAsset'| 'no-fm-tag-changed']
merge,474a83b76f
review,24036fdc76
review,1bf49dd4be
merge,02ce6e879e
3,,Tags = ['AddedSelect'| 'addAsset'| 'changeAsset'| 'no-ck-tag-changed']
review,b985172b32
merge,60cd8b09f1
merge,36059ee2ba
3,,Tags = ['RemoveSelect'| 'no-ck-tag-changed'| 'removeAsset']
review,ffde39ea61
review,88f718e3fa
merge,44d94e8de5
1,,Tags = ['AddedFeature'| 'AddedMapping'| 'AddedSelect'| 'NewDepends'| 'NewSelect'| 'RemoveDepends'| 'RemoveFeature'| 'RemoveMapping'| 'RemoveSelect'| 'changeAsset']
review,5d93d1e76a
1,,Tags = ['AddedDepends'| 'AddedFeature'| 'AddedMapping'| 'AddedSelect'| 'NewSelect'| 'RemoveDepends'| 'RemoveFeature'| 'RemoveMapping'| 'RemoveSelect'| 'changeAsset']
review,6747caa76c
17,,Tags = ['NewSelect'| 'no-am-tag-changed'| 'no-ck-tag-changed']
review,09f33c3320
review,2cd1e1d8c1
review,71c568c000
review,1571ed0c45
review,468bcf08fb
review,1a7f6be5c9
review,355f65a391
review,a862a4262f
review,b7e7c37b6e
review,09d8dd9371
review,ff649a6f9b
review,e00ca5152b
review,e94363440a
review,85f32dbdeb
review,0a5a5499ad
review,93353e8088
review,09ca27579e
5,,Tags = ['AddedDepends'| 'Addedbuild'| 'Addedifdef'| 'ModifyMapping'| 'Modifybuild'| 'NewDepends'| 'NewSelect'| 'RemoveDepends'| 'RemoveFeature'| 'RemoveSelect'| 'addAsset'| 'changeAsset']
merge,d717349368
merge,88502b9c0a
merge,73b2277718
merge,4ceedcf815
merge,df9b17f586
1,,Tags = ['Addedbuild'| 'Modifybuild'| 'Removebuild'| 'addAsset'| 'changeAsset'| 'no-fm-tag-changed'| 'removeAsset']
merge,8e17a7f32a
1,,Tags = ['ModifyDepends'| 'RemoveDepends'| 'no-am-tag-changed'| 'no-ck-tag-changed']
review,ff3fb25412
2,,Tags = ['AddedMapping'| 'AddedSelect'| 'addAsset'| 'changeAsset']
review,49863894db
merge,dec8e46178
3,,Tags = ['Addedbuild'| 'Addedifdef'| 'Modifybuild'| 'changeAsset'| 'no-fm-tag-changed']
review,405ffbd498
review,fc67297b16
merge,dd3190ee81
8,,Tags = ['ModifySelect'| 'no-am-tag-changed'| 'no-ck-tag-changed']
review,d9628bbeca
review,29c700d758
review,b6bda4e0d2
review,0b5e6661ac
review,59fd3033b5
review,a48c4904a9
review,be9b01675e
review,9170217510
1,,Tags = ['AddedFeature'| 'AddedSelect'| 'Addedbuild'| 'addAsset'| 'changeAsset']
review,6fdc5dd25e
5,,Tags = ['AddedFeature'| 'changeAsset'| 'no-ck-tag-changed']
review,cc1f027454
review,06e6295bce
review,0dafafc3ef
review,fbd989b1d7
review,e009bb30c8
2,,Tags = ['AddedSelect'| 'RemoveMapping'| 'changeAsset'| 'removeAsset']
review,dd68eb02e4
review,8a8594a738
1,,Tags = ['AddedDepends'| 'AddedFeature'| 'Addedbuild'| 'Addedifdef'| 'ModifyDefault'| 'ModifyFeature'| 'ModifyMapping'| 'ModifySelect'| 'Modifybuild'| 'NewDepends'| 'NewSelect'| 'RemoveDepends'| 'RemoveFeature'| 'RemoveSelect'| 'addAsset'| 'changeAsset'| 'removeAsset']
merge,4fbef95af4
4,,Tags = ['AddedFeature'| 'AddedSelect'| 'changeAsset'| 'no-ck-tag-changed']
merge,b8d490c3de
review,be5e610c0f
review,3cc377b9ae
merge,dd0508093b
13,,Tags = ['Addedbuild'| 'Modifybuild'| 'addAsset'| 'changeAsset'| 'no-fm-tag-changed']
review,01dc909fa1
merge,dbee3f2a12
merge,6a9d10d529
merge,ec902c620b
review,574e2b5111
review,320ae51fee
review,50bd6153d1
review,5407f31bd3
review,5f60ed0d84
merge,87968f94fb
review,aaedb55bc0
review,e657d8fe2f
merge,806dace637
1,,Tags = ['AddedDepends'| 'AddedFeature'| 'AddedSelect'| 'Addedbuild'| 'Addedifdef'| 'ModifyDefault'| 'ModifyDepends'| 'ModifyFeature'| 'ModifyMapping'| 'ModifySelect'| 'Modifybuild'| 'NewDepends'| 'NewSelect'| 'RemoveDepends'| 'RemoveFeature'| 'RemoveMapping'| 'RemoveSelect'| 'Removebuild'| 'addAsset'| 'changeAsset'| 'removeAsset']
merge,6c09f6d830
1,,Tags = ['AddedDefault'| 'AddedDepends'| 'AddedFeature'| 'AddedSelect'| 'ModifyDepends'| 'no-am-tag-changed'| 'no-ck-tag-changed']
merge,19f29887a7
1,,Tags = ['RemoveDepends'| 'RemoveSelect'| 'changeAsset'| 'no-ck-tag-changed']
review,42e705e91f
1,,Tags = ['AddedDepends'| 'AddedFeature'| 'Addedbuild'| 'ModifyDepends'| 'addAsset'| 'changeAsset']
merge,d639feaaf3
2,,Tags = ['ModifySelect'| 'RemoveSelect'| 'no-am-tag-changed'| 'no-ck-tag-changed']
review,b788beda4d
review,f350f82386
1,,Tags = ['AddedDepends'| 'ModifyDepends'| 'no-am-tag-changed'| 'no-ck-tag-changed']
review,f30bd6855c
1,,Tags = ['AddedSelect'| 'RemoveDefault'| 'RemoveDepends'| 'RemoveFeature'| 'RemoveSelect'| 'no-am-tag-changed'| 'no-ck-tag-changed']
review,6e2d9e9352
2,,Tags = ['RemoveDefault'| 'no-am-tag-changed'| 'no-ck-tag-changed']
review,38901f1c1c
review,b02f84671c
3,,Tags = ['AddedDepends'| 'AddedFeature'| 'AddedMapping'| 'AddedSelect'| 'ModifyFeature'| 'ModifyMapping'| 'ModifySelect'| 'Modifybuild'| 'NewDefault'| 'NewSelect'| 'RemoveDepends'| 'RemoveFeature'| 'changeAsset'| 'removeAsset']
merge,02ab343f3b
merge,97a7729a5c
merge,4c015ba24b
1,,Tags = ['ModifySelect'| 'RemoveFeature'| 'RemoveSelect'| 'no-am-tag-changed'| 'no-ck-tag-changed']
review,07d8a49c26
3,,Tags = ['AddedFeature'| 'AddedMapping'| 'AddedSelect'| 'NewSelect'| 'addAsset'| 'changeAsset']
merge,6c409bfa42
merge,50128df2c0
merge,7a093c74c7
1,,Tags = ['AddedFeature'| 'AddedMapping'| 'AddedSelect'| 'Addedbuild'| 'NewDepends'| 'NewSelect'| 'addAsset'| 'changeAsset']
merge,586eeb01e7
6,,Tags = ['AddedDepends'| 'AddedFeature'| 'AddedMapping'| 'AddedSelect'| 'Addedbuild'| 'Addedifdef'| 'ModifyDefault'| 'ModifyDepends'| 'ModifyFeature'| 'ModifyMapping'| 'ModifySelect'| 'Modifybuild'| 'NewDefault'| 'NewDepends'| 'NewSelect'| 'RemoveDepends'| 'RemoveFeature'| 'RemoveMapping'| 'RemoveSelect'| 'Removebuild'| 'addAsset'| 'changeAsset'| 'removeAsset']
merge,9f9e4266a6
merge,77445a14d6
merge,bfabb59433
merge,37bf06375c
merge,263c43a447
merge,381bd9517a
1,,Tags = ['AddedDepends'| 'AddedFeature'| 'AddedMapping'| 'AddedSelect'| 'Addedbuild'| 'Addedifdef'| 'ModifyDefault'| 'ModifyDepends'| 'ModifyFeature'| 'ModifyMapping'| 'ModifySelect'| 'Modifybuild'| 'NewDepends'| 'NewSelect'| 'RemoveDepends'| 'RemoveFeature'| 'RemoveMapping'| 'RemoveSelect'| 'Removebuild'| 'addAsset'| 'changeAsset'| 'removeAsset']
merge,a56e74f546
1,,Tags = ['RemoveDepends'| 'RemoveFeature'| 'RemoveSelect'| 'Removebuild'| 'no-am-tag-changed']
review,3880d21450
1,,Tags = ['AddedDepends'| 'AddedFeature'| 'AddedMapping'| 'Addedbuild'| 'no-am-tag-changed']
review,6cfc229d6f
1,,Tags = ['RemoveDepends'| 'RemoveFeature'| 'RemoveSelect'| 'Removebuild'| 'changeAsset']
merge,494b244967
4,,Tags = ['ModifyMapping'| 'changeAsset'| 'no-fm-tag-changed']
review,ca1e6f22a0
review,cd8344f4dd
merge,ed76956f70
review,26273e02a0
2,,Tags = ['AddedFeature'| 'AddedMapping'| 'AddedSelect'| 'ModifyMapping'| 'NewSelect'| 'addAsset'| 'changeAsset']
merge,63862f14bd
merge,695e604477
1,,Tags = ['Addedbuild'| 'Addedifdef'| 'ModifyFeature'| 'no-am-tag-changed']
review,3ae970a688
1,,Tags = ['ModifyFeature'| 'RemoveDepends'| 'RemoveFeature'| 'RemoveMapping'| 'RemoveSelect'| 'no-am-tag-changed']
review,df8ee58d73
2,,Tags = ['Removebuild'| 'no-fm-tag-changed'| 'removeAsset']
review,3d88812151
> 20 files,365aa51e11
3,,Tags = ['Addedbuild'| 'Modifybuild'| 'addAsset'| 'no-fm-tag-changed']
review,a1425d428f
review,6e58b8f1da
review,163a036468
3,,Tags = ['Modifybuild'| 'Removebuild'| 'Removeifdef'| 'changeAsset'| 'no-fm-tag-changed']
review,7a59743d0c
review,7aeb7448d8
merge,1e95ab5846
1,,Tags = ['Modifybuild'| 'Modifyifdef'| 'changeAsset'| 'no-fm-tag-changed']
> 20 files,89fe808ae7
2,,Tags = ['Addedbuild'| 'Addedifdef'| 'Modifybuild'| 'addAsset'| 'no-fm-tag-changed']
review,3ae069cfda
review,baa9c30e1e
12,,Tags = ['Addedbuild'| 'Modifyifdef'| 'addAsset'| 'no-fm-tag-changed']
review,90ac5422b6
review,430be5ab0a
review,c25104452d
review,1ea6f99efd
review,7ef9e055ce
review,c7a79e96dc
review,7181a6714e
review,9734163b6e
review,95d061c8a9
review,d0707c9172
review,34ef21622f
review,4cc9117a35
1,,Tags = ['Modifybuild'| 'Modifyifdef'| 'Removebuild'| 'no-am-tag-changed'| 'no-fm-tag-changed']
review,50eed7a71e
6,,Tags = ['Addedbuild'| 'Removebuild'| 'Removeifdef'| 'addAsset'| 'no-fm-tag-changed']
review,8f7f8005f5
review,e12762cfd9
review,8295d4e272
review,d795a658eb
review,b9498b508a
review,3b7646e45d
1,,Tags = ['Addedbuild'| 'Addedifdef'| 'Modifybuild'| 'Modifyifdef'| 'no-am-tag-changed'| 'no-fm-tag-changed']
review,fb3d333b3f
1,,Tags = ['Addedbuild'| 'Modifyifdef'| 'Removeifdef'| 'addAsset'| 'no-fm-tag-changed']
review,8869b17ee0
1,,Tags = ['Modifybuild'| 'Modifyifdef'| 'no-am-tag-changed'| 'no-fm-tag-changed']
review,308e1e700a
1,,Tags = ['Removebuild'| 'Removeifdef'| 'changeAsset'| 'no-fm-tag-changed'| 'removeAsset']
review,fb1c9185e3
3,,Tags = ['Addedbuild'| 'Addedifdef'| 'Modifybuild'| 'no-am-tag-changed'| 'no-fm-tag-changed']
review,c72e3f04b4
review,1f7c645ab4
review,3e6a147dee
7,,Tags = ['Addedbuild'| 'Modifybuild'| 'no-am-tag-changed'| 'no-fm-tag-changed']
review,c9404c6650
review,de0f03fb8d
review,f1138ec66e
review,73a725f000
review,8a0c4c2843
review,cb292ce222
review,b7000adef1
2,,Tags = ['Modifybuild'| 'Removebuild'| 'Removeifdef'| 'no-am-tag-changed'| 'no-fm-tag-changed']
review,31f6be65e0
review,01287e2cb7
6,,Tags = ['Addedbuild'| 'Addedifdef'| 'no-am-tag-changed'| 'no-fm-tag-changed']
review,b3b64a1223
review,2cfbe880f0
review,1c2d1d8cf4
review,b102420b50
review,26fca83a22
review,924dd50bc4
1,,Tags = ['Addedbuild'| 'Addedifdef'| 'Modifybuild'| 'Removebuild'| 'Removeifdef'| 'no-am-tag-changed'| 'no-fm-tag-changed']
review,bd69cc286d
1,,Tags = ['Addedbuild'| 'Modifybuild'| 'Modifyifdef'| 'Removebuild'| 'Removeifdef'| 'addAsset'| 'no-fm-tag-changed']
review,1c47661a93
1,,Tags = ['Removebuild'| 'Removeifdef'| 'changeAsset'| 'no-fm-tag-changed']
review,0648f839ff
22,,Tags = ['Modifybuild'| 'no-am-tag-changed'| 'no-fm-tag-changed']
review,aa4acf6cf1
review,cee972c0e6
review,3fb66335e1
review,0dc0974219
review,046fa7ae20
review,231486a522
review,28e962b9d7
review,5febff0066
review,ee4f96d0f0
review,aec644e56e
review,fcd40d69af
review,6ce4eac1f6
review,dc1ccc4815
review,374b105797
review,f46a3cbbeb
review,319e2e3f63
review,84ed8a9905
review,413541dd66
review,802eee95bd
review,d6e0a2dd12
review,7e22e91102
review,d8ec26d7f8
2,,Tags = ['Modifybuild'| 'Removebuild'| 'no-am-tag-changed'| 'no-fm-tag-changed']
review,165108a92f
review,bb4c5500c9
2,,Tags = ['Addedbuild'| 'ModifyMapping'| 'addAsset'| 'changeAsset'| 'no-fm-tag-changed']
review,5cac5aee18
review,06ea65a398
1,,Tags = ['ModifyMapping'| 'Modifybuild'| 'addAsset'| 'changeAsset'| 'no-fm-tag-changed']
review,08d83e4e17
1,,Tags = ['AddedFeature'| 'AddedMapping'| 'Addedbuild'| 'changeAsset']
review,e5eaa0dc48
1,,Tags = ['AddedFeature'| 'AddedSelect'| 'NewDepends'| 'NewSelect'| 'addAsset'| 'changeAsset'| 'no-ck-tag-changed']
review,ef0aa4b92c
3,,Tags = ['AddedSelect'| 'ModifySelect'| 'changeAsset'| 'no-ck-tag-changed']
review,4d1a8f68b4
review,f3372c0181
merge,7fa850ab4f
1,,Tags = ['Modifybuild'| 'RemoveFeature'| 'RemoveSelect'| 'Removebuild'| 'no-am-tag-changed']
review,8254baccdd
2,,Tags = ['AddedSelect'| 'Modifybuild'| 'NewSelect'| 'RemoveDepends'| 'addAsset'| 'changeAsset']
review,83862ccfc0
merge,e1d8f62ad4
2,,Tags = ['AddedDepends'| 'AddedFeature'| 'AddedMapping'| 'AddedSelect'| 'Addedbuild'| 'Addedifdef'| 'ModifyFeature'| 'ModifyMapping'| 'ModifySelect'| 'Modifybuild'| 'NewDefault'| 'NewDepends'| 'NewSelect'| 'RemoveDepends'| 'RemoveFeature'| 'RemoveSelect'| 'addAsset'| 'changeAsset'| 'removeAsset']
merge,f1ca221888
merge,43d93947a5
1,,Tags = ['AddedDepends'| 'AddedFeature'| 'AddedMenu'| 'AddedSelect'| 'Addedbuild'| 'ModifyDefault'| 'ModifyDepends'| 'NewDepends'| 'NewSelect'| 'RemoveMapping'| 'Removebuild'| 'addAsset'| 'changeAsset'| 'removeAsset']
merge,04a4e1fdd2
1,,Tags = ['Addedbuild'| 'Addedifdef'| 'Modifybuild'| 'Removebuild'| 'changeAsset'| 'no-fm-tag-changed']
review,8ec19c0eba
1,,Tags = ['Addedbuild'| 'Modifybuild'| 'Modifyifdef'| 'no-am-tag-changed'| 'no-fm-tag-changed']
review,65fb09922d
2,,Tags = ['AddedFeature'| 'AddedMapping'| 'NewDepends'| 'addAsset']
merge,813de3c649
merge,cea64d8c08
1,,Tags = ['AddedFeature'| 'AddedMapping'| 'ModifyMapping'| 'NewDepends'| 'no-am-tag-changed']
review,cd1086913f
1,,Tags = ['AddedDepends'| 'AddedFeature'| 'AddedMapping'| 'AddedSelect'| 'Addedbuild'| 'Addedifdef'| 'ModifyDepends'| 'ModifyFeature'| 'ModifyMapping'| 'ModifySelect'| 'Modifybuild'| 'NewDefault'| 'NewDepends'| 'NewSelect'| 'RemoveDepends'| 'RemoveFeature'| 'RemoveSelect'| 'addAsset'| 'changeAsset'| 'removeAsset']
merge,f797bd4a02
3,,Tags = ['ModifyFeature'| 'ModifyMapping'| 'changeAsset']
review,84743ea369
review,29824c167b
review,9370761c56
1,,Tags = ['AddedFeature'| 'AddedMapping'| 'Addedbuild'| 'Addedifdef'| 'Modifybuild'| 'changeAsset']
review,7a332b0c9a
2,,Tags = ['AddedMapping'| 'Addedbuild'| 'Addedifdef'| 'Modifybuild'| 'changeAsset'| 'no-fm-tag-changed']
review,de577a3568
review,d72b080171
1,,Tags = ['AddedSelect'| 'Modifybuild'| 'addAsset'| 'changeAsset']
review,a4da0d50b2
1,,Tags = ['Modifybuild'| 'addAsset'| 'no-fm-tag-changed']
review,a489043f46
1,,Tags = ['RemoveFeature'| 'changeAsset'| 'no-ck-tag-changed']
review,a4b3f029c9
1,,Tags = ['AddedMapping'| 'AddedSelect'| 'addAsset']
review,8adae0c8d8
3,,Tags = ['AddedDepends'| 'AddedFeature'| 'AddedMapping'| 'AddedSelect'| 'Modifybuild'| 'NewSelect'| 'changeAsset']
review,92b6f89f6b
merge,d61ec845e2
review,7ea6c6c15e
1,,Tags = ['AddedFeature'| 'AddedSelect'| 'Addedbuild'| 'ModifyMenu'| 'NewDefault'| 'NewDepends'| 'NewSelect'| 'RemoveDepends'| 'RemoveFeature'| 'RemoveSelect'| 'changeAsset']
review,4520f53a15
8,,Tags = ['Modifybuild'| 'changeAsset'| 'no-fm-tag-changed']
review,0632fef669
review,befe7c123e
review,e25a64c401
review,cd4d241d57
> 20 files,f7625980f5
merge,98d38dd2ee
merge,b0e3636f65
merge,e3414786ff
1,,Tags = ['AddedDepends'| 'AddedFeature'| 'AddedMapping'| 'AddedMenu'| 'AddedSelect'| 'Addedbuild'| 'NewSelect'| 'addAsset'| 'changeAsset']
> 20 files,96f60e37dc
1,,Tags = ['Addedbuild'| 'Addedifdef'| 'Modifyifdef'| 'Removebuild'| 'no-am-tag-changed'| 'no-fm-tag-changed']
review,fcf9258501
1,,Tags = ['Removebuild'| 'Removeifdef'| 'no-am-tag-changed'| 'no-fm-tag-changed']
review,5f36978ca5
1,,Tags = ['Addedbuild'| 'ModifyMapping'| 'RemoveDefault'| 'RemoveDepends'| 'addAsset'| 'changeAsset']
merge,f41509ad0d
1,,Tags = ['AddedMapping'| 'Addedbuild'| 'Addedifdef'| 'ModifyFeature'| 'ModifyMapping'| 'Modifybuild'| 'RemoveDepends'| 'RemoveFeature'| 'RemoveMapping'| 'RemoveSelect'| 'addAsset'| 'changeAsset'| 'removeAsset']
merge,4fd0376356
1,,Tags = ['AddedDepends'| 'AddedFeature'| 'AddedMapping'| 'AddedSelect'| 'Addedbuild'| 'Addedifdef'| 'ModifyFeature'| 'ModifyMapping'| 'ModifySelect'| 'Modifybuild'| 'NewDefault'| 'NewDepends'| 'NewSelect'| 'RemoveDefault'| 'RemoveDepends'| 'RemoveFeature'| 'RemoveSelect'| 'addAsset'| 'changeAsset'| 'removeAsset']
merge,7587b5965f
1,,Tags = ['AddedDepends'| 'AddedFeature'| 'AddedMapping'| 'AddedSelect'| 'Addedbuild'| 'Addedifdef'| 'ModifyFeature'| 'ModifyMapping'| 'ModifySelect'| 'Modifybuild'| 'NewDefault'| 'NewDepends'| 'NewSelect'| 'RemoveDepends'| 'RemoveFeature'| 'RemoveSelect'| 'Removebuild'| 'Removeifdef'| 'addAsset'| 'changeAsset'| 'removeAsset']
merge,5b5bbc20fd
1,,Tags = ['AddedFeature'| 'AddedMapping'| 'Addedbuild'| 'NewDepends'| 'addAsset'| 'changeAsset']
> 20 files,96518518cc
1,,Tags = ['ModifyFeature'| 'ModifyMapping'| 'addAsset'| 'changeAsset'| 'removeAsset']
review,20a69341f2
4,,Tags = ['AddedFeature'| 'AddedMapping'| 'NewDepends'| 'addAsset'| 'changeAsset']
review,0ca743a559
review,ed683f138b
merge,9908b4f32f
review,5bccae6ec4
1,,Tags = ['AddedDepends'| 'AddedFeature'| 'AddedMapping'| 'NewDepends'| 'addAsset'| 'changeAsset']
review,eb31628e37
1,,Tags = ['AddedDepends'| 'AddedFeature'| 'AddedMapping'| 'AddedSelect'| 'Addedbuild'| 'ModifyDepends'| 'ModifyFeature'| 'ModifyMapping'| 'ModifySelect'| 'Modifybuild'| 'NewDefault'| 'NewSelect'| 'RemoveDepends'| 'RemoveFeature'| 'changeAsset'| 'removeAsset']
merge,426ee9e3bb
2,,Tags = ['Addedbuild'| 'Addedifdef'| 'Modifybuild'| 'Modifyifdef'| 'Removebuild'| 'Removeifdef'| 'addAsset'| 'changeAsset'| 'no-fm-tag-changed'| 'removeAsset']
merge,1ff9ecf797
merge,ad5d69899e
1,,Tags = ['RemoveDepends'| 'no-am-tag-changed'| 'no-ck-tag-changed']
review,fcd70b4b08
1,,Tags = ['AddedDepends'| 'ModifySelect'| 'no-am-tag-changed'| 'no-ck-tag-changed']
review,d6ae99d04e
4,,Tags = ['AddedMapping'| 'Addedbuild'| 'Modifybuild'| 'RemoveMapping'| 'changeAsset'| 'no-fm-tag-changed']
review,4102adab91
merge,0e95c69bde
merge,ecf1f01432
merge,70fdcb83db
2,,Tags = ['ModifyMapping'| 'RemoveFeature'| 'RemoveMapping'| 'RemoveSelect'| 'Removebuild'| 'changeAsset']
review,3bc28ab6da
merge,6ddee424fe
4,,Tags = ['AddedFeature'| 'NewDefault'| 'NewDepends'| 'changeAsset'| 'no-ck-tag-changed']
review,8eaede49df
review,89f927af7f
review,cd3fadece2
merge,c224b76b56
3,,Tags = ['ModifySelect'| 'changeAsset'| 'no-ck-tag-changed']
review,f1468a2077
review,79c74ecbeb
merge,033dbbdec3
1,,Tags = ['AddedDepends'| 'changeAsset'| 'no-ck-tag-changed'| 'removeAsset']
review,f9b1e013f1
2,,Tags = ['AddedFeature'| 'Addedbuild'| 'NewDefault'| 'NewDepends'| 'RemoveMapping'| 'changeAsset']
review,1ce3c48e6c
merge,80b1ce5780
2,,Tags = ['AddedDepends'| 'AddedFeature'| 'AddedMenu'| 'Addedbuild'| 'NewDepends'| 'NewSelect'| 'addAsset'| 'changeAsset']
merge,9f96da4dd2
merge,5cda73b68e
1,,Tags = ['Removebuild'| 'addAsset'| 'changeAsset'| 'no-fm-tag-changed'| 'removeAsset']
merge,d7a20c8640
1,,Tags = ['AddedDepends'| 'AddedFeature'| 'ModifyDepends'| 'ModifyMapping'| 'Modifybuild'| 'NewSelect'| 'RemoveMapping'| 'changeAsset'| 'removeAsset']
merge,751bfe3e55
2,,Tags = ['AddedMapping'| 'Addedbuild'| 'changeAsset'| 'no-fm-tag-changed']
review,066212e02a
review,9ba64fe3eb
1,,Tags = ['ModifyFeature'| 'ModifySelect'| 'changeAsset'| 'no-ck-tag-changed']
review,7aa79938f7
1,,Tags = ['AddedFeature'| 'AddedMapping'| 'AddedSelect'| 'Addedbuild'| 'Addedifdef'| 'Modifybuild'| 'NewSelect'| 'changeAsset']
review,9975f5e369
1,,Tags = ['AddedDepends'| 'AddedFeature'| 'AddedMapping'| 'Addedbuild'| 'NewDepends'| 'addAsset'| 'changeAsset']
merge,da33edcceb
1,,Tags = ['AddedSelect'| 'ModifyDepends'| 'RemoveMapping'| 'changeAsset'| 'removeAsset']
merge,cb1110ca79
1,,Tags = ['ModifySelect'| 'Removebuild'| 'changeAsset'| 'removeAsset']
merge,b25a51cb16
1,,Tags = ['AddedMapping'| 'Addedbuild'| 'ModifyDepends'| 'ModifyMapping'| 'Modifybuild'| 'changeAsset']
review,2ba9f0d887
1,,Tags = ['AddedFeature'| 'Addedbuild'| 'NewDepends'| 'RemoveDepends'| 'RemoveFeature'| 'RemoveMapping'| 'addAsset'| 'removeAsset']
review,a230869817
1,,Tags = ['AddedMapping'| 'Addedbuild'| 'ModifyMapping'| 'Modifybuild'| 'changeAsset'| 'no-fm-tag-changed']
review,05454c26eb
2,,Tags = ['Addedbuild'| 'ModifyMapping'| 'Modifybuild'| 'addAsset'| 'changeAsset'| 'no-fm-tag-changed']
> 20 files,40a96d54ee
merge,a81bddde96
4,,Tags = ['AddedDepends'| 'AddedFeature'| 'AddedMapping'| 'AddedSelect'| 'Addedbuild'| 'Addedifdef'| 'ModifyDepends'| 'ModifyFeature'| 'ModifyMapping'| 'ModifySelect'| 'Modifybuild'| 'NewDefault'| 'NewDepends'| 'NewSelect'| 'RemoveDepends'| 'RemoveFeature'| 'RemoveMapping'| 'RemoveSelect'| 'addAsset'| 'changeAsset'| 'removeAsset']
merge,13acfd5715
merge,6913a9dbf1
merge,bb51eeee5a
merge,86e0a0bdf8
2,,Tags = ['AddedFeature'| 'AddedMapping'| 'AddedSelect'| 'Addedbuild'| 'NewSelect'| 'addAsset'| 'changeAsset']
review,82fbb4f7b4
merge,861e66d341
2,,Tags = ['ModifySelect'| 'RemoveSelect'| 'changeAsset'| 'no-ck-tag-changed']
merge,80a18f5043
merge,beb5bfe424
1,,Tags = ['AddedDepends'| 'Addedbuild'| 'ModifyDepends'| 'ModifyFeature'| 'Modifybuild'| 'RemoveDefault'| 'RemoveDepends'| 'RemoveFeature'| 'RemoveMapping'| 'RemoveSelect'| 'addAsset'| 'changeAsset'| 'removeAsset']
merge,ee4383e0c1
5,,Tags = ['AddedDepends'| 'AddedFeature'| 'NewDefault'| 'NewDepends'| 'changeAsset'| 'no-ck-tag-changed']
review,70fea60d88
review,94e7876daa
review,585b691e21
merge,6e0ca95aa3
merge,56edff7529
1,,Tags = ['AddedFeature'| 'Addedbuild'| 'NewDepends'| 'NewSelect'| 'addAsset'| 'changeAsset']
merge,9aaf0435b4
1,,Tags = ['AddedFeature'| 'AddedMapping'| 'AddedSelect'| 'Addedbuild'| 'NewDefault'| 'NewDepends'| 'NewSelect'| 'addAsset'| 'changeAsset']
merge,df3c2adea4
2,,Tags = ['Addedbuild'| 'Modifybuild'| 'Removebuild'| 'changeAsset'| 'no-fm-tag-changed']
review,ad40d3da1e
merge,908bfda754
1,,Tags = ['AddedDepends'| 'AddedFeature'| 'AddedMapping'| 'AddedSelect'| 'ModifyDepends'| 'ModifySelect'| 'NewSelect'| 'addAsset'| 'changeAsset']
review,fe7ef7c60c
1,,Tags = ['AddedFeature'| 'AddedSelect'| 'NewSelect'| 'changeAsset'| 'no-ck-tag-changed']
review,7394447505
1,,Tags = ['AddedFeature'| 'AddedMapping'| 'ModifyDepends'| 'NewDepends'| 'NewSelect'| 'addAsset'| 'changeAsset']
merge,2ef9d838e4
2,,Tags = ['AddedDepends'| 'AddedFeature'| 'AddedMapping'| 'AddedSelect'| 'Addedbuild'| 'ModifyDepends'| 'ModifyFeature'| 'ModifyMapping'| 'ModifySelect'| 'Modifybuild'| 'NewDefault'| 'NewSelect'| 'RemoveDepends'| 'RemoveFeature'| 'RemoveMapping'| 'changeAsset'| 'removeAsset']
merge,dfc568e6bc
merge,a7204d72db
3,,Tags = ['AddedDepends'| 'Addedbuild'| 'ModifyDepends'| 'ModifySelect'| 'Modifybuild'| 'RemoveDepends'| 'RemoveFeature'| 'RemoveMapping'| 'changeAsset'| 'removeAsset']
merge,f7a0fd56e4
merge,5584cfbafc
merge,b41fb43911
1,,Tags = ['AddedSelect'| 'ModifySelect'| 'no-am-tag-changed'| 'no-ck-tag-changed']
review,da2f5f4852
1,,Tags = ['ModifyMapping'| 'ModifySelect'| 'RemoveDefault'| 'RemoveDepends'| 'RemoveFeature'| 'RemoveSelect'| 'no-am-tag-changed']
review,ae3c5d74ea
2,,Tags = ['AddedDefault'| 'AddedFeature'| 'NewDepends'| 'addAsset'| 'no-ck-tag-changed']
review,c7c3eac627
review,494e492dd8
1,,Tags = ['AddedDepends'| 'AddedFeature'| 'AddedMapping'| 'AddedMenu'| 'AddedSelect'| 'Addedbuild'| 'NewDefault'| 'NewDepends'| 'NewSelect'| 'addAsset'| 'changeAsset']
merge,5e4e3ba997
1,,Tags = ['AddedDepends'| 'AddedFeature'| 'AddedMapping'| 'AddedSelect'| 'Addedbuild'| 'ModifyDepends'| 'ModifyFeature'| 'ModifySelect'| 'Modifybuild'| 'NewDefault'| 'NewDepends'| 'NewSelect'| 'RemoveDepends'| 'RemoveFeature'| 'RemoveMapping'| 'changeAsset'| 'removeAsset']
merge,c3fa32b976
1,,Tags = ['AddedMapping'| 'Addedbuild'| 'ModifyMapping'| 'addAsset'| 'changeAsset'| 'no-fm-tag-changed']
review,c963c6193a
1,,Tags = ['AddedMapping'| 'AddedSelect'| 'Addedbuild'| 'Addedifdef'| 'addAsset'| 'changeAsset']
merge,901e7e34f8
1,,Tags = ['AddedDefault'| 'AddedFeature'| 'AddedMapping'| 'NewDepends'| 'addAsset']
merge,aa11a358f8
2,,Tags = ['AddedDepends'| 'AddedFeature'| 'AddedMapping'| 'AddedSelect'| 'ModifyDepends'| 'NewSelect'| 'addAsset'| 'changeAsset']
merge,cf44fba089
merge,ac97d4e00a
1,,Tags = ['AddedDepends'| 'AddedFeature'| 'AddedMapping'| 'AddedSelect'| 'Addedbuild'| 'ModifyMapping'| 'NewDepends'| 'NewSelect'| 'addAsset'| 'changeAsset']
merge,5328f35b15
1,,Tags = ['AddedSelect'| 'Modifybuild'| 'addAsset'| 'changeAsset'| 'removeAsset']
review,746479cdcb
1,,Tags = ['AddedFeature'| 'AddedSelect'| 'Addedbuild'| 'Addedifdef'| 'ModifySelect'| 'NewSelect'| 'changeAsset'| 'removeAsset']
merge,4dcf03346a
1,,Tags = ['AddedFeature'| 'AddedMapping'| 'AddedSelect'| 'Addedbuild'| 'ModifyMenu'| 'Modifybuild'| 'NewDefault'| 'NewDepends'| 'NewSelect'| 'RemoveDepends'| 'RemoveFeature'| 'RemoveSelect'| 'changeAsset']
merge,be51e4a781
1,,Tags = ['ModifyDepends'| 'addAsset'| 'changeAsset'| 'no-ck-tag-changed']
merge,8211e6b8fa
1,,Tags = ['ModifyMapping'| 'changeAsset'| 'no-fm-tag-changed'| 'removeAsset']
review,00ef54bb97
3,,Tags = ['AddedDepends'| 'AddedFeature'| 'AddedMapping'| 'NewDefault'| 'addAsset'| 'changeAsset']
merge,d69525789e
merge,13509c3a9d
review,4b3db708b1
1,,Tags = ['AddedDefault'| 'AddedFeature'| 'NewDefault'| 'NewDepends'| 'changeAsset'| 'no-ck-tag-changed']
review,4286587dcc
1,,Tags = ['AddedDefault'| 'AddedDepends'| 'AddedFeature'| 'NewDefault'| 'NewDepends'| 'changeAsset'| 'no-ck-tag-changed']
review,e7a2ad7eb6
4,,Tags = ['AddedFeature'| 'AddedMapping'| 'NewDepends'| 'NewSelect'| 'addAsset'| 'changeAsset']
review,5088451962
merge,de91a3789d
merge,5cf0eb9875
merge,76ae076f99
1,,Tags = ['AddedDepends'| 'ModifyMapping'| 'ModifySelect'| 'RemoveDefault'| 'RemoveDepends'| 'RemoveFeature'| 'RemoveSelect'| 'changeAsset']
merge,6251c156a6
1,,Tags = ['AddedDepends'| 'AddedFeature'| 'AddedMapping'| 'AddedSelect'| 'Addedbuild'| 'Addedifdef'| 'ModifyMapping'| 'ModifySelect'| 'Modifybuild'| 'NewDepends'| 'NewSelect'| 'RemoveDepends'| 'RemoveFeature'| 'RemoveSelect'| 'addAsset'| 'changeAsset']
merge,3316dee245
1,,Tags = ['ModifyFeature'| 'RemoveDepends'| 'RemoveFeature'| 'RemoveMapping'| 'changeAsset'| 'removeAsset']
merge,8e32e47dbb
1,,Tags = ['AddedFeature'| 'AddedMenu'| 'Addedbuild'| 'NewDefault'| 'NewDepends'| 'addAsset'| 'changeAsset']
merge,ce6bceabae
1,,Tags = ['AddedDepends'| 'AddedFeature'| 'AddedMapping'| 'ModifyDepends'| 'ModifySelect'| 'Modifybuild'| 'NewDefault'| 'RemoveMapping'| 'changeAsset']
merge,1773232eec
1,,Tags = ['ModifyMapping'| 'RemoveFeature'| 'RemoveMapping'| 'RemoveSelect'| 'Removebuild'| 'addAsset'| 'changeAsset'| 'removeAsset']
merge,93658cb859
2,,Tags = ['ModifySelect'| 'RemoveSelect'| 'changeAsset'| 'no-ck-tag-changed'| 'removeAsset']
merge,e086df92e2
merge,42cbe8271c
1,,Tags = ['addAsset'| 'no-ck-tag-changed'| 'no-fm-tag-changed']
merge,826f57b497
1,,Tags = ['AddedDefault'| 'AddedFeature'| 'AddedMapping'| 'AddedSelect'| 'Addedbuild'| 'NewDepends'| 'addAsset'| 'changeAsset']
merge,b6fb5474af
3,,Tags = ['AddedFeature'| 'Addedbuild'| 'ModifyDefault'| 'addAsset'| 'changeAsset']
review,a01779f89f
merge,04bc9ac163
merge,4fc9ed3344
1,,Tags = ['AddedDepends'| 'AddedFeature'| 'AddedMapping'| 'AddedSelect'| 'Addedbuild'| 'NewDefault'| 'NewDepends'| 'NewSelect'| 'addAsset'| 'changeAsset']
review,4571912743
3,,Tags = ['AddedDepends'| 'AddedFeature'| 'AddedMapping'| 'NewSelect'| 'addAsset'| 'changeAsset']
review,72548e836b
merge,88392e9dd5
merge,69019d77c7
1,,Tags = ['AddedFeature'| 'AddedSelect'| 'Modifybuild'| 'Removebuild'| 'changeAsset'| 'removeAsset']
review,512e267f35
1,,Tags = ['RemoveDepends'| 'RemoveFeature'| 'RemoveSelect'| 'changeAsset'| 'no-ck-tag-changed']
review,9e0967572e
1,,Tags = ['AddedFeature'| 'AddedSelect'| 'NewDepends'| 'NewSelect'| 'changeAsset'| 'no-ck-tag-changed']
review,3c8828f6a0
1,,Tags = ['RemoveDefault'| 'RemoveDepends'| 'RemoveFeature'| 'no-am-tag-changed'| 'no-ck-tag-changed']
review,49649cad34
1,,Tags = ['AddedDepends'| 'AddedFeature'| 'ModifySelect'| 'Modifybuild'| 'NewDepends'| 'NewSelect'| 'RemoveDepends'| 'RemoveFeature'| 'RemoveMapping'| 'changeAsset'| 'removeAsset']
merge,aac898548d
1,,Tags = ['AddedFeature'| 'AddedMapping'| 'NewSelect'| 'addAsset'| 'changeAsset']
review,7d1d65cb84
1,,Tags = ['ModifyDepends'| 'ModifyFeature'| 'no-am-tag-changed'| 'no-ck-tag-changed']
review,b69ac52449
1,,Tags = ['AddedSelect'| 'Addedbuild'| 'Addedifdef'| 'changeAsset']
review,4e23eb631c
1,,Tags = ['AddedSelect'| 'Addedbuild'| 'changeAsset']
review,31c4867d6c
1,,Tags = ['AddedFeature'| 'AddedMapping'| 'NewDefault'| 'NewDepends'| 'addAsset'| 'changeAsset']
review,7cd93b8935
1,,Tags = ['AddedDepends'| 'AddedFeature'| 'ModifyMapping'| 'changeAsset']
review,badb923898
2,,Tags = ['RemoveFeature'| 'no-am-tag-changed'| 'no-ck-tag-changed']
review,b2c32b32a2
review,2d3c627502
1,,Tags = ['AddedFeature'| 'AddedMapping'| 'AddedSelect'| 'ModifyMapping'| 'NewSelect'| 'changeAsset']
review,f7cd2d835e
1,,Tags = ['ModifyDepends'| 'Modifybuild'| 'RemoveDepends'| 'RemoveFeature'| 'RemoveSelect'| 'Removebuild'| 'addAsset'| 'changeAsset'| 'removeAsset']
merge,2f29e3a561
1,,Tags = ['AddedDepends'| 'AddedFeature'| 'AddedMapping'| 'Addedbuild'| 'ModifyDepends'| 'Modifybuild'| 'NewDefault'| 'changeAsset']
review,313ea293e9
1,,Tags = ['AddedDepends'| 'AddedFeature'| 'AddedSelect'| 'ModifyMapping'| 'changeAsset']
merge,6216650a7a
2,,Tags = ['AddedMapping'| 'Addedbuild'| 'addAsset'| 'changeAsset'| 'no-fm-tag-changed']
review,ef1313deaf
merge,7e1a1e9378
1,,Tags = ['AddedFeature'| 'AddedSelect'| 'Modifybuild'| 'addAsset'| 'changeAsset']
review,ec53500fae
1,,Tags = ['AddedDepends'| 'AddedFeature'| 'AddedMapping'| 'AddedSelect'| 'Addedbuild'| 'ModifyFeature'| 'ModifyMapping'| 'ModifySelect'| 'Modifybuild'| 'NewDefault'| 'NewSelect'| 'RemoveDefault'| 'RemoveDepends'| 'RemoveFeature'| 'addAsset'| 'changeAsset'| 'removeAsset']
merge,2098990e7c
5,,Tags = ['AddedSelect'| 'NewSelect'| 'no-am-tag-changed'| 'no-ck-tag-changed']
review,c6dd1ef8f8
review,50619cb173
review,089b54bd69
review,5fa4061301
review,0b3f575397
1,,Tags = ['AddedFeature'| 'AddedMapping'| 'Addedbuild'| 'NewDefault'| 'no-am-tag-changed']
review,1db9e0513d
1,,Tags = ['AddedDepends'| 'AddedFeature'| 'AddedMenu'| 'Addedbuild'| 'ModifyMenu'| 'NewSelect'| 'Removebuild'| 'changeAsset']
> 20 files,dee8268f8f
1,,Tags = ['AddedDepends'| 'AddedFeature'| 'AddedMapping'| 'addAsset']
merge,4efc52a9c2
2,,Tags = ['AddedDepends'| 'AddedFeature'| 'NewDefault'| 'changeAsset'| 'no-ck-tag-changed']
review,217091dd7a
review,3d035f5806
1,,Tags = ['AddedDepends'| 'AddedFeature'| 'ModifyDepends'| 'ModifySelect'| 'Modifybuild'| 'NewDepends'| 'NewSelect'| 'RemoveDepends'| 'RemoveFeature'| 'RemoveMapping'| 'changeAsset'| 'removeAsset']
merge,fb10d5b7ef
2,,Tags = ['AddedFeature'| 'Modifybuild'| 'NewDepends'| 'NewSelect'| 'changeAsset']
merge,ca89bc248e
merge,ebfe1068f9
1,,Tags = ['AddedFeature'| 'AddedMenu'| 'Addedbuild'| 'addAsset'| 'changeAsset']
review,f421436a59
3,,Tags = ['ModifyDepends'| 'Modifybuild'| 'changeAsset']
merge,2a3ede8cb2
merge,394efd19d5
merge,164777530b
2,,Tags = ['AddedDepends'| 'AddedFeature'| 'AddedMapping'| 'AddedSelect'| 'Addedbuild'| 'Addedifdef'| 'ModifyFeature'| 'ModifyMapping'| 'Modifybuild'| 'NewSelect'| 'addAsset'| 'changeAsset']
merge,95f328d3ad
merge,f080480488
2,,Tags = ['AddedDepends'| 'AddedFeature'| 'AddedMapping'| 'AddedSelect'| 'Addedbuild'| 'ModifyDepends'| 'Modifybuild'| 'NewDefault'| 'NewDepends'| 'NewSelect'| 'Removebuild'| 'addAsset'| 'changeAsset']
merge,87bc0728d4
merge,cfce0a2b61
2,,Tags = ['AddedDepends'| 'AddedFeature'| 'AddedMapping'| 'AddedSelect'| 'Addedbuild'| 'ModifyDepends'| 'ModifyFeature'| 'ModifyMapping'| 'ModifySelect'| 'Modifybuild'| 'NewDefault'| 'NewDepends'| 'NewSelect'| 'RemoveDepends'| 'RemoveFeature'| 'RemoveMapping'| 'changeAsset'| 'removeAsset']
merge,7f16e5c141
merge,91915260ea
1,,Tags = ['Addedbuild'| 'Addedifdef'| 'Modifybuild'| 'addAsset'| 'changeAsset'| 'no-fm-tag-changed']
review,87419c9aff
6,,Tags = ['ModifyFeature'| 'RemoveDepends'| 'RemoveFeature'| 'changeAsset'| 'no-ck-tag-changed']
review,83fa6bbe4c
review,69ad5da41b
merge,b4fdf52b3f
merge,1ea406c0e0
merge,3eaded86ac
review,751d17e23a
1,,Tags = ['Modifybuild'| 'addAsset'| 'changeAsset'| 'no-fm-tag-changed'| 'removeAsset']
review,4299a54997
3,,Tags = ['AddedDepends'| 'AddedFeature'| 'AddedSelect'| 'NewDepends'| 'changeAsset'| 'no-ck-tag-changed']
merge,353c78152c
merge,c1f3bb6bd3
merge,74ecd3d1dd
1,,Tags = ['AddedDepends'| 'AddedFeature'| 'AddedMenu'| 'Addedbuild'| 'ModifyMenu'| 'NewSelect'| 'Removebuild'| 'addAsset'| 'changeAsset'| 'removeAsset']
merge,90c37067b7
1,,Tags = ['Addedbuild'| 'Addedifdef'| 'Modifybuild'| 'addAsset'| 'changeAsset'| 'no-fm-tag-changed'| 'removeAsset']
merge,83bf9702c8
1,,Tags = ['AddedDepends'| 'AddedFeature'| 'AddedMapping'| 'AddedSelect'| 'Addedbuild'| 'Addedifdef'| 'ModifyDefault'| 'ModifyDepends'| 'ModifyFeature'| 'ModifyMapping'| 'ModifySelect'| 'Modifybuild'| 'NewDefault'| 'NewDepends'| 'NewSelect'| 'RemoveDepends'| 'RemoveFeature'| 'RemoveMapping'| 'RemoveSelect'| 'addAsset'| 'changeAsset'| 'removeAsset']
merge,97c53b402f
2,,Tags = ['AddedMapping'| 'Addedbuild'| 'Modifybuild'| 'addAsset'| 'changeAsset'| 'no-fm-tag-changed']
merge,c90423d1de
merge,39cf275a1a
1,,Tags = ['AddedMapping'| 'Addedbuild'| 'Addedifdef'| 'Modifybuild'| 'RemoveMapping'| 'Removebuild'| 'changeAsset'| 'no-fm-tag-changed']
review,01768b42dc
1,,Tags = ['AddedMapping'| 'Addedbuild'| 'Addedifdef'| 'RemoveMapping'| 'Removebuild'| 'Removeifdef'| 'changeAsset'| 'no-fm-tag-changed']
review,8eddac3f10
2,,Tags = ['AddedMapping'| 'RemoveMapping'| 'changeAsset'| 'no-fm-tag-changed']
review,60fc28746a
review,1696a8bee3
2,,Tags = ['ModifyDefault'| 'no-am-tag-changed'| 'no-ck-tag-changed']
review,b53b5eda81
review,8c2fabc654
1,,Tags = ['RemoveDefault'| 'RemoveDepends'| 'RemoveFeature'| 'changeAsset'| 'no-ck-tag-changed']
review,edf6844ebf
1,,Tags = ['AddedMapping'| 'Modifybuild'| 'RemoveMapping'| 'changeAsset'| 'no-fm-tag-changed']
review,ed428bfc3c
1,,Tags = ['AddedMapping'| 'ModifyMapping'| 'RemoveMapping'| 'changeAsset'| 'no-fm-tag-changed']
review,32cf7c3c94
2,,Tags = ['RemoveSelect'| 'no-am-tag-changed'| 'no-ck-tag-changed']
review,a2b4f8a473
review,8820784203
1,,Tags = ['RemoveDepends'| 'RemoveFeature'| 'no-am-tag-changed'| 'no-ck-tag-changed']
review,61c77e0802
3,,Tags = ['ModifyFeature'| 'RemoveDefault'| 'RemoveDepends'| 'RemoveFeature'| 'changeAsset'| 'no-ck-tag-changed']
review,ddba7c5ad7
merge,6c0514ddd9
review,34ef7bd382
1,,Tags = ['ModifyFeature'| 'RemoveDefault'| 'RemoveDepends'| 'RemoveFeature'| 'RemoveSelect'| 'no-am-tag-changed'| 'no-ck-tag-changed']
review,90c9c955db
1,,Tags = ['AddedDepends'| 'AddedFeature'| 'AddedMapping'| 'AddedMenu'| 'AddedSelect'| 'Addedbuild'| 'ModifyDepends'| 'ModifyFeature'| 'ModifyMapping'| 'ModifySelect'| 'NewDefault'| 'NewDepends'| 'NewSelect'| 'RemoveDepends'| 'RemoveFeature'| 'RemoveMapping'| 'RemoveSelect'| 'addAsset'| 'changeAsset'| 'removeAsset']
merge,c287322c3a
4,,Tags = ['RemoveDefault'| 'RemoveFeature'| 'changeAsset'| 'no-ck-tag-changed']
review,7f15a256b5
review,4c47cb197e
merge,eb64821243
merge,82023bb7f7
1,,Tags = ['AddedDepends'| 'AddedFeature'| 'AddedMapping'| 'AddedMenu'| 'Addedbuild'| 'Addedifdef'| 'NewDefault'| 'NewSelect'| 'addAsset'| 'changeAsset']
merge,1071ec7bc2
1,,Tags = ['AddedDepends'| 'AddedFeature'| 'AddedMapping'| 'AddedSelect'| 'Addedbuild'| 'ModifyDepends'| 'ModifyFeature'| 'ModifyMapping'| 'ModifySelect'| 'Modifybuild'| 'NewDefault'| 'NewSelect'| 'RemoveDepends'| 'RemoveFeature'| 'addAsset'| 'changeAsset'| 'removeAsset']
merge,b5480950c6
2,,Tags = ['Modifybuild'| 'Removebuild'| 'addAsset'| 'changeAsset'| 'no-fm-tag-changed'| 'removeAsset']
merge,0324e74534
review,b9ed919f1c
1,,Tags = ['AddedDepends'| 'AddedFeature'| 'AddedMapping'| 'AddedMenu'| 'AddedSelect'| 'Addedbuild'| 'ModifyDepends'| 'ModifyMapping'| 'ModifySelect'| 'Modifybuild'| 'NewDepends'| 'NewSelect'| 'RemoveDepends'| 'RemoveSelect'| 'Removebuild'| 'addAsset'| 'changeAsset'| 'removeAsset']
merge,0b1e73ed22
1,,Tags = ['AddedFeature'| 'AddedMapping'| 'AddedSelect'| 'ModifyMapping'| 'NewDepends'| 'NewSelect'| 'addAsset'| 'changeAsset']
merge,15d4cb9013
2,,Tags = ['AddedDepends'| 'AddedFeature'| 'AddedMapping'| 'addAsset'| 'changeAsset']
review,527973c840
merge,a709bd585f
1,,Tags = ['AddedFeature'| 'AddedMapping'| 'AddedSelect'| 'Addedbuild'| 'ModifyMapping'| 'Modifybuild'| 'NewDefault'| 'addAsset'| 'changeAsset'| 'removeAsset']
merge,280c84d1c1
1,,Tags = ['AddedFeature'| 'AddedMapping'| 'Addedbuild'| 'Addedifdef'| 'NewDefault'| 'NewDepends'| 'RemoveFeature'| 'RemoveMapping'| 'RemoveSelect'| 'addAsset'| 'changeAsset'| 'removeAsset']
merge,3ae423fe47
2,,Tags = ['AddedFeature'| 'AddedMapping'| 'Addedbuild'| 'Modifybuild'| 'addAsset'| 'changeAsset']
merge,e37459b8e2
merge,0910c0bdf7
3,,Tags = ['RemoveSelect'| 'changeAsset'| 'no-ck-tag-changed']
merge,9686e4b2a8
review,d80512f874
merge,b479667923
1,,Tags = ['AddedDepends'| 'AddedFeature'| 'AddedMapping'| 'AddedSelect'| 'Addedbuild'| 'ModifyDepends'| 'ModifyFeature'| 'ModifyMapping'| 'ModifySelect'| 'Modifybuild'| 'NewDefault'| 'NewDepends'| 'NewSelect'| 'RemoveDepends'| 'RemoveFeature'| 'RemoveSelect'| 'changeAsset'| 'removeAsset']
merge,bad97817de
1,,Tags = ['Addedbuild'| 'addAsset'| 'changeAsset'| 'no-fm-tag-changed'| 'removeAsset']
merge,4a15cdffa9
1,,Tags = ['ModifyDepends'| 'Modifybuild'| 'RemoveSelect'| 'changeAsset']
merge,a6bc732b5a
1,,Tags = ['AddedDepends'| 'ModifyFeature'| 'ModifySelect'| 'no-am-tag-changed'| 'no-ck-tag-changed']
review,5442851edb
1,,Tags = ['AddedFeature'| 'NewDepends'| 'NewSelect'| 'changeAsset'| 'no-ck-tag-changed']
review,a08c22c0df
2,,Tags = ['AddedFeature'| 'NewDefault'| 'changeAsset'| 'no-ck-tag-changed']
review,a6a9c0f1bf
merge,75ecab1df1
1,,Tags = ['AddedDepends'| 'AddedFeature'| 'AddedSelect'| 'Addedbuild'| 'Addedifdef'| 'ModifyMapping'| 'Modifybuild'| 'addAsset'| 'changeAsset'| 'removeAsset']
merge,05ad391dbc
1,,Tags = ['AddedDepends'| 'AddedFeature'| 'ModifyDefault'| 'ModifyDepends'| 'ModifyMapping'| 'ModifySelect'| 'Modifybuild'| 'NewSelect'| 'RemoveDefault'| 'RemoveDepends'| 'RemoveFeature'| 'RemoveMapping'| 'RemoveSelect'| 'Removebuild'| 'Removeifdef'| 'addAsset'| 'changeAsset'| 'removeAsset']
merge,21604cdcdc
1,,Tags = ['AddedDefault'| 'AddedDepends'| 'AddedFeature'| 'AddedMapping'| 'AddedSelect'| 'Addedbuild'| 'Addedifdef'| 'ModifyDepends'| 'ModifyMapping'| 'ModifySelect'| 'Modifybuild'| 'NewDepends'| 'NewSelect'| 'RemoveMapping'| 'RemoveSelect'| 'Removebuild'| 'Removeifdef'| 'addAsset'| 'changeAsset'| 'removeAsset']
merge,aac59e3efc
1,,Tags = ['AddedSelect'| 'Addedbuild'| 'Addedifdef'| 'ModifyFeature'| 'Modifybuild'| 'RemoveFeature'| 'RemoveSelect'| 'Removebuild'| 'Removeifdef'| 'addAsset'| 'changeAsset'| 'removeAsset']
merge,d5aabbcaee
1,,Tags = ['AddedDepends'| 'AddedFeature'| 'AddedMapping'| 'AddedSelect'| 'ModifyDepends'| 'ModifySelect'| 'NewSelect'| 'RemoveSelect'| 'addAsset'| 'changeAsset'| 'removeAsset']
merge,53575aa99d
1,,Tags = ['AddedFeature'| 'AddedMapping'| 'AddedSelect'| 'Addedbuild'| 'ModifyMapping'| 'Modifybuild'| 'NewSelect'| 'RemoveDefault'| 'RemoveDepends'| 'RemoveFeature'| 'RemoveMapping'| 'RemoveSelect'| 'Removebuild'| 'addAsset'| 'changeAsset'| 'removeAsset']
merge,f9efbce633
1,,Tags = ['AddedDepends'| 'AddedFeature'| 'AddedMapping'| 'Addedbuild'| 'Modifybuild'| 'addAsset'| 'changeAsset']
merge,78d4a42069
1,,Tags = ['AddedDepends'| 'AddedFeature'| 'changeAsset'| 'no-ck-tag-changed']
merge,edae583a6d
1,,Tags = ['AddedFeature'| 'AddedSelect'| 'changeAsset'| 'no-ck-tag-changed'| 'removeAsset']
merge,1006fae359
1,,Tags = ['AddedDefault'| 'AddedDepends'| 'AddedFeature'| 'AddedMapping'| 'AddedSelect'| 'ModifyDepends'| 'NewDefault'| 'NewSelect'| 'addAsset'| 'changeAsset']
merge,87093826aa
1,,Tags = ['AddedDefault'| 'changeAsset'| 'no-ck-tag-changed']
merge,6df1e7f2e9
1,,Tags = ['AddedDefault'| 'AddedDepends'| 'AddedFeature'| 'AddedSelect'| 'NewSelect'| 'RemoveDefault'| 'RemoveDepends'| 'RemoveFeature'| 'addAsset'| 'changeAsset'| 'no-ck-tag-changed']
merge,ec1e20a02f
1,,Tags = ['AddedDepends'| 'AddedFeature'| 'AddedMapping'| 'AddedSelect'| 'Addedbuild'| 'Addedifdef'| 'Modifybuild'| 'NewSelect'| 'RemoveDefault'| 'RemoveFeature'| 'addAsset'| 'changeAsset']
merge,df762eccba
1,,Tags = ['AddedMapping'| 'Addedbuild'| 'Addedifdef'| 'ModifyMapping'| 'Modifybuild'| 'addAsset'| 'changeAsset'| 'no-fm-tag-changed'| 'removeAsset']
merge,dba538ff56
1,,Tags = ['AddedDepends'| 'AddedFeature'| 'AddedMapping'| 'AddedSelect'| 'Modifybuild'| 'NewDefault'| 'NewSelect'| 'addAsset'| 'changeAsset']
merge,340286cd4e
1,,Tags = ['AddedDepends'| 'RemoveDefault'| 'RemoveDepends'| 'RemoveFeature'| 'RemoveMapping'| 'Removebuild'| 'changeAsset'| 'removeAsset']
merge,4b4d2b4634
1,,Tags = ['RemoveDefault'| 'RemoveDepends'| 'RemoveFeature'| 'Removebuild'| 'changeAsset']
merge,11db81a59d
1,,Tags = ['AddedDepends'| 'AddedFeature'| 'AddedMapping'| 'AddedSelect'| 'Addedbuild'| 'Addedifdef'| 'ModifySelect'| 'Modifybuild'| 'NewDefault'| 'NewDepends'| 'RemoveDepends'| 'RemoveFeature'| 'RemoveSelect'| 'Removebuild'| 'addAsset'| 'changeAsset'| 'removeAsset']
merge,66a173b926
1,,Tags = ['AddedDefault'| 'AddedDepends'| 'AddedFeature'| 'AddedMapping'| 'Modifybuild'| 'addAsset'| 'changeAsset']
merge,c6d65bf246
1,,Tags = ['AddedDepends'| 'addAsset'| 'changeAsset'| 'no-ck-tag-changed']
merge,f095ca6b31
1,,Tags = ['AddedDepends'| 'AddedFeature'| 'AddedMapping'| 'AddedSelect'| 'Addedbuild'| 'ModifyDepends'| 'Modifybuild'| 'NewSelect'| 'RemoveSelect'| 'addAsset'| 'changeAsset']
merge,eeab517b68
1,,Tags = ['AddedDepends'| 'AddedFeature'| 'AddedMapping'| 'AddedSelect'| 'Addedbuild'| 'Modifybuild'| 'NewDepends'| 'NewSelect'| 'addAsset'| 'changeAsset']
merge,8a5dc585d5
1,,Tags = ['AddedDepends'| 'AddedFeature'| 'AddedMapping'| 'ModifyDepends'| 'ModifyFeature'| 'RemoveMapping'| 'RemoveSelect'| 'addAsset'| 'changeAsset'| 'removeAsset']
merge,c2d3306991
1,,Tags = ['AddedDepends'| 'AddedFeature'| 'AddedMapping'| 'Addedbuild'| 'NewDefault'| 'NewDepends'| 'addAsset'| 'changeAsset']
merge,2b684c073f
1,,Tags = ['NewDepends'| 'addAsset'| 'changeAsset'| 'no-ck-tag-changed'| 'removeAsset']
merge,10d0c9705e
1,,Tags = ['ModifyFeature'| 'ModifyMapping'| 'addAsset'| 'removeAsset']
review,28e64a68a2
1,,Tags = ['AddedFeature'| 'AddedMapping'| 'Addedbuild'| 'Addedifdef'| 'ModifyMapping'| 'NewDefault'| 'NewDepends'| 'changeAsset']
review,17c568d60a
1,,Tags = ['AddedDepends'| 'AddedFeature'| 'AddedMapping'| 'Addedbuild'| 'Addedifdef'| 'ModifyFeature'| 'ModifyMapping'| 'Modifybuild'| 'NewDefault'| 'NewDepends'| 'addAsset'| 'changeAsset'| 'removeAsset']
merge,5cbb3d216e
1,,Tags = ['AddedDepends'| 'AddedFeature'| 'AddedMapping'| 'AddedMenu'| 'AddedSelect'| 'Addedbuild'| 'ModifyDepends'| 'Modifybuild'| 'NewDefault'| 'NewDepends'| 'NewSelect'| 'RemoveFeature'| 'Removebuild'| 'addAsset'| 'changeAsset'| 'removeAsset']
merge,42a2d923cc
1,,Tags = ['AddedDefault'| 'AddedDepends'| 'AddedFeature'| 'AddedMapping'| 'AddedMenu'| 'AddedSelect'| 'Addedbuild'| 'Addedifdef'| 'ModifyDefault'| 'ModifyDepends'| 'ModifyFeature'| 'ModifyMapping'| 'ModifySelect'| 'Modifybuild'| 'NewDefault'| 'NewDepends'| 'NewSelect'| 'RemoveDefault'| 'RemoveDepends'| 'RemoveFeature'| 'RemoveMapping'| 'RemoveSelect'| 'Removebuild'| 'addAsset'| 'changeAsset'| 'removeAsset']
merge,555a098af6
1,,Tags = ['AddedDepends'| 'AddedFeature'| 'AddedMapping'| 'Addedbuild'| 'RemoveDepends'| 'RemoveFeature'| 'addAsset'| 'changeAsset']
merge,1355b37f11
1,,Tags = ['AddedDefault'| 'AddedDepends'| 'AddedFeature'| 'AddedMapping'| 'AddedSelect'| 'Addedbuild'| 'Addedifdef'| 'ModifySelect'| 'Modifybuild'| 'NewSelect'| 'RemoveDefault'| 'RemoveFeature'| 'addAsset'| 'changeAsset'| 'removeAsset']
merge,f47671e2d8
1,,Tags = ['AddedDepends'| 'AddedFeature'| 'AddedMapping'| 'Addedbuild'| 'addAsset'| 'changeAsset']
merge,5eea9be8b2
1,,Tags = ['ModifyFeature'| 'RemoveDefault'| 'RemoveDepends'| 'RemoveFeature'| 'RemoveSelect'| 'changeAsset'| 'no-ck-tag-changed']
merge,82cb6acea4
1,,Tags = ['AddedDepends'| 'ModifyFeature'| 'ModifySelect'| 'changeAsset'| 'no-ck-tag-changed']
merge,7f2dc5c4bc
1,,Tags = ['AddedDepends'| 'AddedFeature'| 'AddedMapping'| 'AddedMenu'| 'AddedSelect'| 'Addedbuild'| 'ModifyDepends'| 'ModifyMapping'| 'ModifySelect'| 'Modifybuild'| 'NewDefault'| 'NewDepends'| 'NewSelect'| 'RemoveDepends'| 'RemoveFeature'| 'RemoveMapping'| 'RemoveSelect'| 'Removebuild'| 'addAsset'| 'changeAsset'| 'removeAsset']
merge,f9300eaaac
1,,Tags = ['AddedDepends'| 'AddedFeature'| 'AddedMapping'| 'AddedSelect'| 'NewDepends'| 'NewSelect'| 'addAsset'| 'changeAsset']
merge,2f466d33f5
1,,Tags = ['AddedFeature'| 'AddedSelect'| 'Addedbuild'| 'ModifyMapping'| 'NewDepends'| 'addAsset'| 'changeAsset'| 'removeAsset']
merge,f0d55cc1a6
1,,Tags = ['AddedMapping'| 'Addedbuild'| 'Addedifdef'| 'Modifybuild'| 'RemoveMapping'| 'Removebuild'| 'Removeifdef'| 'changeAsset'| 'no-fm-tag-changed']
merge,5e30025a31
1,,Tags = ['Addedbuild'| 'Addedifdef'| 'Modifybuild'| 'Modifyifdef'| 'changeAsset'| 'no-fm-tag-changed']
review,e310718d0e
1,,Tags = ['Addedbuild'| 'ModifyMapping'| 'addAsset'| 'changeAsset'| 'no-fm-tag-changed'| 'removeAsset']
merge,3aeb58ab62
1,,Tags = ['AddedDefault'| 'no-am-tag-changed'| 'no-ck-tag-changed']
review,e9bb18c7b9
1,,Tags = ['RemoveDefault'| 'addAsset'| 'changeAsset'| 'no-ck-tag-changed']
review,49076ec2cc
1,,Tags = ['RemoveFeature'| 'RemoveSelect'| 'changeAsset'| 'no-ck-tag-changed']
> 20 files,0a06ff068f
1,,Tags = ['AddedDepends'| 'AddedFeature'| 'RemoveDepends'| 'RemoveFeature'| 'RemoveSelect'| 'addAsset'| 'changeAsset'| 'no-ck-tag-changed']
merge,d8fe4acc88
2,,Tags = ['AddedDepends'| 'AddedFeature'| 'AddedMapping'| 'AddedSelect'| 'ModifyDepends'| 'Modifybuild'| 'NewSelect'| 'addAsset'| 'changeAsset']
merge,092d405052
merge,8b880f48ee
1,,Tags = ['AddedFeature'| 'AddedSelect'| 'Modifybuild'| 'NewSelect'| 'RemoveDepends'| 'addAsset'| 'changeAsset']
merge,eda670c626
1,,Tags = ['AddedMapping'| 'ModifyDepends'| 'addAsset'| 'changeAsset']
merge,91838e2dab
1,,Tags = ['AddedDepends'| 'AddedFeature'| 'AddedSelect'| 'ModifyFeature'| 'NewSelect'| 'RemoveDefault'| 'RemoveFeature'| 'no-am-tag-changed'| 'no-ck-tag-changed']
merge,f13399f033
1,,Tags = ['AddedDepends'| 'AddedFeature'| 'AddedMapping'| 'AddedSelect'| 'Addedbuild'| 'ModifyMenu'| 'Modifybuild'| 'NewDefault'| 'NewDepends'| 'NewSelect'| 'RemoveDepends'| 'RemoveFeature'| 'RemoveSelect'| 'Removebuild'| 'Removeifdef'| 'addAsset'| 'changeAsset'| 'removeAsset']
merge,049ffa8ab3
1,,Tags = ['AddedDefault'| 'AddedDepends'| 'AddedFeature'| 'AddedMapping'| 'AddedSelect'| 'Addedbuild'| 'Addedifdef'| 'ModifyDefault'| 'ModifyDepends'| 'ModifyFeature'| 'ModifyMapping'| 'ModifySelect'| 'Modifybuild'| 'Modifyifdef'| 'NewDefault'| 'NewDepends'| 'NewSelect'| 'RemoveDefault'| 'RemoveDepends'| 'RemoveFeature'| 'RemoveMapping'| 'RemoveSelect'| 'Removebuild'| 'Removeifdef'| 'addAsset'| 'changeAsset'| 'removeAsset']
merge,6886059f2e
1,,Tags = ['RemoveDepends'| 'RemoveFeature'| 'addAsset'| 'changeAsset'| 'no-ck-tag-changed']
merge,f412f2c60b
1,,Tags = ['AddedDepends'| 'AddedFeature'| 'AddedMapping'| 'Addedbuild'| 'ModifyDepends'| 'NewDefault'| 'NewDepends'| 'addAsset'| 'changeAsset']
merge,4937e2a6f9
1,,Tags = ['AddedDepends'| 'AddedFeature'| 'Modifybuild'| 'NewSelect'| 'addAsset'| 'changeAsset'| 'removeAsset']
merge,e0da5c9a49
1,,Tags = ['AddedFeature'| 'Addedbuild'| 'ModifyFeature'| 'Modifybuild'| 'NewDepends'| 'RemoveDefault'| 'RemoveDepends'| 'RemoveFeature'| 'changeAsset']
review,54e4ff4d40
1,,Tags = ['AddedDepends'| 'AddedFeature'| 'ModifyDepends'| 'Modifybuild'| 'NewSelect'| 'addAsset'| 'changeAsset'| 'removeAsset']
merge,7f9cc24a80
1,,Tags = ['AddedFeature'| 'Addedbuild'| 'NewDepends'| 'RemoveDepends'| 'RemoveFeature'| 'RemoveMapping'| 'addAsset'| 'changeAsset'| 'removeAsset']
merge,0bde7294e2
1,,Tags = ['ModifyMapping'| 'ModifySelect'| 'Modifybuild'| 'addAsset'| 'changeAsset']
merge,71f777ed50
1,,Tags = ['ModifyDefault'| 'changeAsset'| 'no-ck-tag-changed']
merge,673fdfe3f0
1,,Tags = ['AddedDefault'| 'AddedFeature'| 'NewDefault'| 'changeAsset'| 'no-ck-tag-changed']
review,fddd87d6e1
1,,Tags = ['AddedDepends'| 'AddedFeature'| 'AddedMapping'| 'ModifyDepends'| 'NewDefault'| 'RemoveSelect'| 'addAsset'| 'changeAsset']
review,85d0b3a573
1,,Tags = ['AddedDefault'| 'AddedFeature'| 'Addedbuild'| 'Addedifdef'| 'RemoveDefault'| 'RemoveFeature'| 'addAsset'| 'removeAsset']
review,e40f04d040
1,,Tags = ['RemoveDefault'| 'RemoveFeature'| 'no-am-tag-changed'| 'no-ck-tag-changed']
review,a851aebc36
1,,Tags = ['AddedDefault'| 'AddedDepends'| 'AddedFeature'| 'AddedMapping'| 'AddedSelect'| 'Addedbuild'| 'ModifySelect'| 'NewDefault'| 'NewDepends'| 'NewSelect'| 'addAsset'| 'changeAsset']
merge,a310410f61
1,,Tags = ['AddedFeature'| 'AddedMapping'| 'NewDefault'| 'NewDepends'| 'NewSelect'| 'addAsset'| 'changeAsset']
merge,27b5c3f3cc
1,,Tags = ['AddedDepends'| 'AddedSelect'| 'no-am-tag-changed'| 'no-ck-tag-changed']
review,2c312e9af7
1,,Tags = ['AddedDefault'| 'AddedFeature'| 'Addedbuild'| 'Addedifdef'| 'RemoveDefault'| 'RemoveFeature'| 'addAsset'| 'changeAsset'| 'removeAsset']
merge,cdc7ef8981
1,,Tags = ['AddedFeature'| 'Addedbuild'| 'Modifybuild'| 'NewDepends'| 'addAsset'| 'changeAsset']
review,0d455c12c6
1,,Tags = ['AddedDefault'| 'AddedDepends'| 'AddedFeature'| 'AddedMapping'| 'AddedSelect'| 'ModifyDepends'| 'NewDefault'| 'addAsset'| 'changeAsset']
merge,d5bdaf4f68
1,,Tags = ['AddedFeature'| 'AddedMapping'| 'NewDefault'| 'addAsset'| 'changeAsset']
merge,527d151131
2,,Tags = ['AddedFeature'| 'AddedMapping'| 'AddedMenu'| 'Addedbuild'| 'NewDepends'| 'RemoveDepends'| 'RemoveFeature'| 'RemoveMapping'| 'changeAsset']
review,ab0431059e
merge,2e7babfa89
2,,Tags = ['AddedDepends'| 'ModifyDepends'| 'changeAsset'| 'no-ck-tag-changed']
review,044c8d4b15
merge,a5d6e63323
1,,Tags = ['AddedDefault'| 'AddedDepends'| 'AddedFeature'| 'AddedMapping'| 'AddedSelect'| 'Addedbuild'| 'Addedifdef'| 'Modifybuild'| 'NewDefault'| 'NewDepends'| 'NewSelect'| 'Removebuild'| 'addAsset'| 'changeAsset'| 'removeAsset']
merge,78dc53c422
1,,Tags = ['AddedDepends'| 'AddedSelect'| 'changeAsset'| 'no-ck-tag-changed']
merge,e48f88a30d
1,,Tags = ['AddedDepends'| 'AddedFeature'| 'AddedMapping'| 'Addedbuild'| 'ModifyDepends'| 'ModifyFeature'| 'Modifybuild'| 'NewDefault'| 'RemoveDepends'| 'RemoveSelect'| 'addAsset'| 'changeAsset']
merge,26b265cd29
1,,Tags = ['AddedMapping'| 'Addedbuild'| 'ModifyMapping'| 'changeAsset'| 'no-fm-tag-changed']
review,9c74360f9a
4,,Tags = ['AddedSelect'| 'NewSelect'| 'changeAsset'| 'no-ck-tag-changed']
merge,1676587bca
merge,aa489f0f26
merge,e1ca87bb1b
merge,4a251dd29c
1,,Tags = ['AddedFeature'| 'Addedbuild'| 'Addedifdef'| 'ModifyDefault'| 'ModifyFeature'| 'changeAsset']
merge,a456c0d9c0
1,,Tags = ['AddedDepends'| 'AddedMapping'| 'AddedSelect'| 'Addedbuild'| 'ModifyMapping'| 'NewSelect'| 'changeAsset']
merge,0b0f7f1cda
1,,Tags = ['Modifybuild'| 'Modifyifdef'| 'Removebuild'| 'Removeifdef'| 'changeAsset'| 'no-fm-tag-changed']
merge,e84a2a49b9
2,,Tags = ['AddedSelect'| 'ModifyFeature'| 'RemoveDepends'| 'RemoveFeature'| 'changeAsset'| 'no-ck-tag-changed']
merge,55ef003e4a
merge,2d4d4a8dde
1,,Tags = ['AddedDepends'| 'AddedFeature'| 'AddedMapping'| 'AddedMenu'| 'AddedSelect'| 'Addedbuild'| 'Addedifdef'| 'ModifyDefault'| 'ModifyDepends'| 'ModifyFeature'| 'ModifyMapping'| 'ModifySelect'| 'Modifybuild'| 'NewDefault'| 'NewDepends'| 'NewSelect'| 'RemoveDefault'| 'RemoveDepends'| 'RemoveFeature'| 'RemoveMapping'| 'RemoveSelect'| 'addAsset'| 'changeAsset']
merge,b0e6989c96
1,,Tags = ['ModifyDefault'| 'RemoveDefault'| 'no-am-tag-changed'| 'no-ck-tag-changed']
review,62aceb8ff4
1,,Tags = ['ModifyDefault'| 'RemoveDefault'| 'changeAsset'| 'no-ck-tag-changed']
merge,7d49efe2ed
1,,Tags = ['Addedbuild'| 'Modifybuild'| 'NewDepends'| 'changeAsset']
merge,b19d69c72d
1,,Tags = ['AddedDepends'| 'AddedFeature'| 'AddedMapping'| 'AddedMenu'| 'AddedSelect'| 'Addedbuild'| 'Addedifdef'| 'ModifyDefault'| 'ModifyDepends'| 'ModifyFeature'| 'ModifyMapping'| 'ModifySelect'| 'Modifybuild'| 'Modifyifdef'| 'NewDefault'| 'NewDepends'| 'NewSelect'| 'RemoveDefault'| 'RemoveDepends'| 'RemoveFeature'| 'RemoveMapping'| 'RemoveSelect'| 'Removebuild'| 'Removeifdef'| 'addAsset'| 'changeAsset'| 'removeAsset']
merge,ed16c8c50e
1,,Tags = ['AddedSelect'| 'Addedbuild'| 'Modifybuild'| 'Modifyifdef'| 'NewDepends'| 'Removebuild'| 'Removeifdef'| 'addAsset'| 'changeAsset'| 'removeAsset']
merge,afdcd431ce
1,,Tags = ['AddedDepends'| 'RemoveSelect'| 'changeAsset'| 'no-ck-tag-changed']
merge,a36c160cbb
1,,Tags = ['AddedDepends'| 'ModifyMapping'| 'Modifybuild'| 'Removebuild'| 'changeAsset']
merge,86fbf1617a
2,,Tags = ['AddedDepends'| 'AddedSelect'| 'Addedbuild'| 'ModifyDefault'| 'ModifyFeature'| 'Modifybuild'| 'NewDepends'| 'NewSelect'| 'RemoveDefault'| 'RemoveDepends'| 'RemoveFeature'| 'Removebuild'| 'addAsset'| 'changeAsset']
merge,356f402da0
merge,cd15c51d6c
1,,Tags = ['AddedMapping'| 'ModifyFeature'| 'ModifyMapping'| 'RemoveSelect'| 'no-am-tag-changed']
review,fce7d3bfc0
1,,Tags = ['AddedFeature'| 'AddedSelect'| 'NewDepends'| 'changeAsset'| 'no-ck-tag-changed']
merge,eaadcfeb31
1,,Tags = ['AddedDepends'| 'AddedFeature'| 'AddedSelect'| 'Addedbuild'| 'ModifyMapping'| 'Modifybuild'| 'NewDepends'| 'NewSelect'| 'RemoveSelect'| 'Removebuild'| 'addAsset'| 'changeAsset']
merge,9b17c16525
1,,Tags = ['AddedMapping'| 'ModifyFeature'| 'ModifyMapping'| 'RemoveSelect'| 'changeAsset']
merge,8cf126d927
1,,Tags = ['AddedDepends'| 'AddedFeature'| 'AddedMapping'| 'AddedSelect'| 'ModifyDepends'| 'NewSelect'| 'no-am-tag-changed']
review,d79e07c95d
